case_id,idate,A1,A2,A3,A4,A5,B1,B2,B4a,B5a,B6a,B7a,B8a,B4b,B5b,B6b,B7b,B8b,B4c,B5c,B6c,B7c,B8c,B4d,B5d,B6d,B7d,B8d,B4e,B5e,B6e,B7e,B8e,C1,C2,C3nw_1_a,C3nw_1_b,C3nw_2_a,C3nw_2_b,C3nw_3_a,C3nw_3_b,C3nw_4_a,C3nw_4_b,C3nw_5_a,C3nw_5_b,C3nw_6_a,C3nw_6_b,C3nw_7_a,C3nw_7_b,C3nw_8_a,C3nw_8_b,C3nw_9_a,C3nw_9_b,C3nw_10_a,C3nw_10_b,C3nw_11_a,C3nw_11_b,D1,D2,D3_a,D3_aa,D3_b,D3_c,D3_d,D3_e,D3_f,D3_g,D3_h,D4,D5_a,D5_aa,D5_b,D5_c,D5_d,D5_e,D6,D7,E1,E2,E3_a,E3_b,E3_c,E4,E5,pink,default,owed,lease,nuisance,twentyeight,foreclosure,dispute,fourteenday
100,1/17/2011,4,ONCE A MONTH,,750,no,no,,,,,,,,,,,,,,,,,,,,,,,,,,,yes,3,6,years,11,years,12,years,,,,,,,,,,,,,,,,,YES: SCAN DOCUMENT,,yes,1494,no,no,no,no,no,no,no,no,,,,,,,MY LANDLORD AND I WORKED OUT A STIPULATION AGREEMENT THAT AL,,28,no,NATIVE HAWAIIAN OR OTHER PACIFIC ISLANDER,,,628,female,1,1,1494,0,0,0,0,0,0
101,1/18/2011,2,ONCE A MONTH,,450,no,no,,,,,,,,,,,,,,,,,,,,,,,,,,,yes,1,1,years,,,,,,,,,,,,,,,,,,,,,no,yes,yes,1350,no,no,no,no,no,no,no,no,,,,,,,MY LANDLORD AND I WORKED OUT A STIPULATION AGREEMENT THAT AL,,23,no,NATIVE HAWAIIAN OR OTHER PACIFIC ISLANDER,,,0,female,1,1,1350,0,0,0,0,0,0
102,1/18/2011,3,ONCE A MONTH,,550,no,yes,4,woman,"OTHER, SPECIFY",BLACK OR AFRICAN AMERICAN,no,53,man,friend,BLACK OR AFRICAN AMERICAN,no,47,woman,"OTHER, SPECIFY",BLACK OR AFRICAN AMERICAN,no,31,woman,"OTHER, SPECIFY",BLACK OR AFRICAN AMERICAN,no,28,,,,,,no,,,,,,,,,,,,,,,,,,,,,,,,no,yes,yes,1100,no,no,no,no,no,no,no,no,,,,,,,I WAS EVICTED AND TOLD TO VACATE THE PREMISES BY A CERTAIN D,don't know,60,no,BLACK OR AFRICAN AMERICAN,,,5000,male,1,1,1100,0,0,0,0,0,0
103,1/18/2011,2,ONCE A MONTH,,465,no,no,,,,,,,,,,,,,,,,,,,,,,,,,,,yes,2,5,years,9,years,,,,,,,,,,,,,,,,,,,no,yes,yes,465,no,no,no,no,no,no,no,no,,,,,,,MY LANDLORD AND I HAVE TO COME BACK AND SEE THE JUDGE ON A L,,40,no,BLACK OR AFRICAN AMERICAN,,,625,female,1,1,465,0,0,0,0,0,0
104,1/18/2011,STUDIO APARTMENT,ONCE A MONTH,,395,no,no,,,,,,,,,,,,,,,,,,,,,,,,,,,no,,,,,,,,,,,,,,,,,,,,,,,,no,no,,,,,,,,,,,no,,no,no,no,yes,MY LANDLORD AND I HAVE TO COME BACK AND SEE THE JUDGE ON A L,,30,no,BLACK OR AFRICAN AMERICAN,,,2280,female,0,0,,0,0,0,0,1,0
105,1/18/2011,1,ONCE A MONTH,,625,yes,no,,,,,,,,,,,,,,,,,,,,,,,,,,,no,,,,,,,,,,,,,,,,,,,,,,,,YES: SCAN DOCUMENT,,yes,580,no,no,no,no,no,no,no,no,,,,,,,MY LANDLORD AND I WORKED OUT A STIPULATION AGREEMENT THAT AL,,31,no,BLACK OR AFRICAN AMERICAN,,,440,male,1,1,580,0,0,0,0,0,0
106,1/19/2011,3,ONCE A MONTH,,680,no,no,,,,,,,,,,,,,,,,,,,,,,,,,,,yes,4,12,years,11,years,10,years,6,years,,,,,,,,,,,,,,,YES: SCAN DOCUMENT,,yes,3440,no,no,no,no,no,no,no,no,,,,,,,MY LANDLORD AND I HAVE TO COME BACK AND SEE THE JUDGE ON A L,,30,no,BLACK OR AFRICAN AMERICAN,,,728,female,1,1,3440,0,0,0,0,0,0
107,1/20/2011,2,ONCE A MONTH,,695,no,yes,1,woman,"OTHER, SPECIFY",white,yes,25,,,,,,,,,,,,,,,,,,,,,yes,2,1,years,5,years,,,,,,,,,,,,,,,,,,,no,no,,,,,,,,,,,yes,1500,no,no,no,blank,I WAS EVICTED AND TOLD TO VACATE THE PREMISES BY A CERTAIN D,don't know,30,no,white,,,1500,male,0,1,1500,0,0,0,0,0,0
108,1/20/2011,3,ONCE A MONTH,,800,no,yes,1,woman,child,BLACK OR AFRICAN AMERICAN,no,19,,,,,,,,,,,,,,,,,,,,,yes,1,17,years,,,,,,,,,,,,,,,,,,,,,no,no,,,,,,,,,,,yes,2400,no,no,no,blank,MY LANDLORD AND I HAVE TO COME BACK AND SEE THE JUDGE ON A L,,37,no,BLACK OR AFRICAN AMERICAN,,,2500,female,0,1,2400,0,0,0,0,0,0
109,1/20/2011,3,ONCE A MONTH,,750,no,no,,,,,,,,,,,,,,,,,,,,,,,,,,,yes,2,4,years,4,years,,,,,,,,,,,,,,,,,,,no,yes,yes,2000,no,no,no,no,no,no,no,no,,,,,,,MY LANDLORD AND I HAVE TO COME BACK AND SEE THE JUDGE ON A L,,35,no,BLACK OR AFRICAN AMERICAN,,,2800,female,1,1,2000,0,0,0,0,0,0
110,1/20/2011,2,ONCE A MONTH,,525,no,no,,,,,,,,,,,,,,,,,,,,,,,,,,,no,,,,,,,,,,,,,,,,,,,,,,,,no,no,,,,,,,,,,,yes,1100,no,no,no,blank,MY LANDLORD AND I WORKED OUT A STIPULATION AGREEMENT THAT AL,,36,no,BLACK OR AFRICAN AMERICAN,,,759,female,0,1,1100,0,0,0,0,0,0
111,1/21/2011,3,ONCE A MONTH,,575,no,no,,,,,,,,,,,,,,,,,,,,,,,,,,,yes,2,7,years,2,years,,,,,,,,,,,,,,,,,,,no,no,,,,,,,,,,,yes,575,no,no,no,no,MY LANDLORD AND I WORKED OUT A STIPULATION AGREEMENT THAT AL,,28,no,BLACK OR AFRICAN AMERICAN,,,673,female,0,1,575,0,0,0,0,0,0
112,1/21/2011,2,ONCE A MONTH,,450,no,yes,1,woman,"OTHER, SPECIFY",BLACK OR AFRICAN AMERICAN,no,19,,,,,,,,,,,,,,,,,,,,,yes,2,1,years,4,years,,,,,,,,,,,,,,,,,,,no,no,,,,,,,,,,,yes,1450,no,no,no,no,MY LANDLORD AND I WORKED OUT A STIPULATION AGREEMENT THAT AL,,24,no,BLACK OR AFRICAN AMERICAN,,,670,female,0,1,1450,0,0,0,0,0,0
113,1/21/2011,4,ONCE A MONTH,,1250,no,no,,,,,,,,,,,,,,,,,,,,,,,,,,,yes,8,17,years,15,years,11,years,10,years,6,years,5,years,3,years,6,months,,,,,,,YES: SCAN DOCUMENT,,yes,1740,no,no,no,no,no,no,no,,,,,,,,MY LANDLORD AND I WORKED OUT A STIPULATION AGREEMENT THAT AL,,37,no,white,,,1200,female,1,1,1740,0,0,0,0,0,0
114,1/21/2011,2,ONCE A MONTH,,595,no,no,,,,,,,,,,,,,,,,,,,,,,,,,,,no,,,,,,,,,,,,,,,,,,,,,,,,no,no,,,,,,,,,,,yes,1150,no,no,no,no,MY LANDLORD AND I WORKED OUT A STIPULATION AGREEMENT THAT AL,,47,no,BLACK OR AFRICAN AMERICAN,,,0,female,0,1,1150,0,0,0,0,0,0
115,1/21/2011,2,ONCE A MONTH,,500,no,yes,1,man,child,BLACK OR AFRICAN AMERICAN,no,19,,,,,,,,,,,,,,,,,,,,,yes,3,11,years,12,years,15,years,,,,,,,,,,,,,,,,,no,no,,,,,,,,,,,yes,500,no,no,no,no,MY LANDLORD AND I WORKED OUT A STIPULATION AGREEMENT THAT AL,,33,no,BLACK OR AFRICAN AMERICAN,,,400,female,0,1,500,0,0,0,0,0,0
116,1/21/2011,2,ONCE A MONTH,,650,yes,yes,1,woman,spouse,hispanic,yes,33,,,,,,,,,,,,,,,,,,,,,yes,4,14,years,6,years,5,years,20,months,,,,,,,,,,,,,,,YES: SCAN DOCUMENT,,yes,3020,no,no,no,no,no,no,no,no,,,,,,,I WAS EVICTED AND TOLD TO VACATE THE PREMISES BY A CERTAIN D,don't know,33,yes,hispanic,,,0,male,1,1,3020,0,0,0,0,0,0
117,1/21/2011,2,ONCE A MONTH,,550,no,yes,2,man,spouse,BLACK OR AFRICAN AMERICAN,yes,61,man,child,BLACK OR AFRICAN AMERICAN,no,26,,,,,,,,,,,,,,,,no,,,,,,,,,,,,,,,,,,,,,,,,YES: SCAN DOCUMENT,,yes,1400,no,no,no,no,no,no,yes,no,,,,,,,MY LANDLORD AND I HAVE TO COME BACK AND SEE THE JUDGE ON A L,,50,no,BLACK OR AFRICAN AMERICAN,,,800,female,1,1,1400,0,0,0,0,0,0
118,1/24/2011,STUDIO APARTMENT,ONCE A MONTH,,400,no,no,,,,,,,,,,,,,,,,,,,,,,,,,,,yes,1,1,years,,,,,,,,,,,,,,,,,,,,,no,no,,,,,,,,,,,yes,60,no,no,no,no,MY LANDLORD AND I WORKED OUT A STIPULATION AGREEMENT THAT AL,,26,no,BLACK OR AFRICAN AMERICAN,,,628,female,0,1,60,0,0,0,0,0,0
119,1/24/2011,2,ONCE A MONTH,,550,no,yes,1,man,child,AMERICAN INDIAN OR ALASKAN NATIVE,no,19,,,,,,,,,,,,,,,,,,,,,yes,1,15,years,,,,,,,,,,,,,,,,,,,,,no,no,,,,,,,,,,,yes,1100,no,no,no,blank,MY LANDLORD AND I HAVE TO COME BACK AND SEE THE JUDGE ON A L,,39,no,AMERICAN INDIAN OR ALASKAN NATIVE,,,800,female,0,1,1100,0,0,0,0,0,0
120,1/24/2011,2,ONCE A MONTH,,550,no,no,,,,,,,,,,,,,,,,,,,,,,,,,,,yes,1,9,months,,,,,,,,,,,,,,,,,,,,,no,yes,yes,595,no,no,no,no,no,no,no,no,,,,,,,MY CASE WAS DISMISSED,,23,no,BLACK OR AFRICAN AMERICAN,,,1000,female,1,1,595,0,0,0,0,0,0
121,1/24/2011,2,ONCE A MONTH,,450,no,no,,,,,,,,,,,,,,,,,,,,,,,,,,,yes,3,16,years,14,years,4,years,,,,,,,,,,,,,,,,,no,no,,,,,,,,,,,yes,525,no,no,no,no,I WAS EVICTED AND TOLD TO VACATE THE PREMISES BY A CERTAIN D,WITH A FRIEND,34,yes,hispanic,,,800,female,0,1,525,0,0,0,0,0,0
122,1/25/2011,2,ONCE A MONTH,,550,no,no,,,,,,,,,,,,,,,,,,,,,,,,,,,no,,,,,,,,,,,,,,,,,,,,,,,,no,no,,,,,,,,,,,yes,659,no,no,no,no,I WAS EVICTED AND TOLD TO VACATE THE PREMISES BY A CERTAIN D,don't know,59,no,BLACK OR AFRICAN AMERICAN,,,760,male,0,1,659,0,0,0,0,0,0
123,1/25/2011,5,ONCE A MONTH,,900,no,yes,5,man,"OTHER, SPECIFY",BLACK OR AFRICAN AMERICAN,no,19,man,"OTHER, SPECIFY",BLACK OR AFRICAN AMERICAN,no,20,woman,child,BLACK OR AFRICAN AMERICAN,no,29,woman,child,BLACK OR AFRICAN AMERICAN,yes,37,man,"OTHER, SPECIFY",BLACK OR AFRICAN AMERICAN,no,20,yes,6,11,years,10,years,8,years,7,years,6,years,3,years,,,,,,,,,,,no,no,,,,,,,,,,,yes,900,yes,no,no,yes,MY LANDLORD AND I WORKED OUT A STIPULATION AGREEMENT THAT AL,,55,no,BLACK OR AFRICAN AMERICAN,,,1600,female,0,1,900,1,0,0,0,1,0
124,1/25/2011,2,ONCE A MONTH,,600,no,yes,1,man,"OTHER, SPECIFY",BLACK OR AFRICAN AMERICAN,no,44,,,,,,,,,,,,,,,,,,,,,yes,2,18,months,7,years,,,,,,,,,,,,,,,,,,,no,yes,yes,600,no,no,no,no,no,no,no,no,,,,,,,I WAS EVICTED AND TOLD TO VACATE THE PREMISES BY A CERTAIN D,OTHER (SPECIFY),44,no,BLACK OR AFRICAN AMERICAN,,,748,female,1,1,600,0,0,0,0,0,0
125,1/25/2011,2,ONCE A MONTH,,695,no,no,,,,,,,,,,,,,,,,,,,,,,,,,,,yes,3,18,months,1,months,7,years,,,,,,,,,,,,,,,,,no,yes,no,,no,no,no,no,no,no,yes,no,,,,,,,MY LANDLORD AND I HAVE TO COME BACK AND SEE THE JUDGE ON A L,,22,no,BLACK OR AFRICAN AMERICAN,,,800,female,1,0,,0,0,0,0,0,1
126,1/25/2011,2,ONCE A MONTH,,675,no,no,,,,,,,,,,,,,,,,,,,,,,,,,,,yes,3,15,years,14,years,13,years,,,,,,,,,,,,,,,,,no,no,,,,,,,,,,,yes,1025,no,no,no,no,MY LANDLORD AND I HAVE TO COME BACK AND SEE THE JUDGE ON A L,,34,no,BLACK OR AFRICAN AMERICAN,,,1400,female,0,1,1025,0,0,0,0,0,0
127,1/25/2011,2,ONCE A MONTH,,700,yes,no,,,,,,,,,,,,,,,,,,,,,,,,,,,yes,1,3,years,,,,,,,,,,,,,,,,,,,,,YES: SCAN DOCUMENT,,yes,2230,no,no,no,no,no,no,no,no,,,,,,,I WAS EVICTED AND TOLD TO VACATE THE PREMISES BY A CERTAIN D,don't know,23,no,BLACK OR AFRICAN AMERICAN,,,500,female,1,1,2230,0,0,0,0,0,0
128,1/26/2011,2,ONCE A MONTH,,550,no,yes,2,woman,parent,BLACK OR AFRICAN AMERICAN,no,68,woman,sibling,BLACK OR AFRICAN AMERICAN,yes,52,,,,,,,,,,,,,,,,no,,,,,,,,,,,,,,,,,,,,,,,,no,no,,,,,,,,,,,yes,1800,no,no,no,no,MY CASE WAS DISMISSED,,44,no,BLACK OR AFRICAN AMERICAN,,,0,male,0,1,1800,0,0,0,0,0,0
129,1/26/2011,3,ONCE A MONTH,,850,no,yes,1,woman,spouse,white,yes,35,,,,,,,,,,,,,,,,,,,,,yes,2,14,years,6,years,,,,,,,,,,,,,,,,,,,no,no,,,,,,,,,,,yes,2000,no,no,no,no,MY LANDLORD AND I WORKED OUT A STIPULATION AGREEMENT THAT AL,,35,yes,hispanic,,,1400,male,0,1,2000,0,0,0,0,0,0
130,1/26/2011,2,ONCE A MONTH,,750,no,no,,,,,,,,,,,,,,,,,,,,,,,,,,,no,,,,,,,,,,,,,,,,,,,,,,,,no,no,,,,,,,,,,,yes,2500,no,no,no,no,MY CASE WAS DISMISSED,,26,no,white,,,refused,male,0,1,2500,0,0,0,0,0,0
131,1/26/2011,2,ONCE A MONTH,,575,no,yes,1,man,"OTHER, SPECIFY",BLACK OR AFRICAN AMERICAN,yes,24,,,,,,,,,,,,,,,,,,,,,yes,3,5,years,1,years,9,months,,,,,,,,,,,,,,,,,no,no,,,,,,,,,,,yes,575,no,no,no,yes,MY LANDLORD AND I WORKED OUT A STIPULATION AGREEMENT THAT AL,,23,no,BLACK OR AFRICAN AMERICAN,,,don't know,female,0,1,575,0,0,0,0,0,0
132,1/26/2011,2,ONCE A MONTH,,625,no,no,,,,,,,,,,,,,,,,,,,,,,,,,,,yes,2,7,years,2,years,,,,,,,,,,,,,,,,,,,YES: SCAN DOCUMENT,,yes,700,no,no,no,no,no,no,no,no,,,,,,,MY LANDLORD AND I WORKED OUT A STIPULATION AGREEMENT THAT AL,,24,no,BLACK OR AFRICAN AMERICAN,,,950,female,1,1,700,0,0,0,0,0,0
133,1/26/2011,2,ONCE A MONTH,,600,no,no,,,,,,,,,,,,,,,,,,,,,,,,,,,yes,3,10,years,10,years,2,years,,,,,,,,,,,,,,,,,YES: SCAN DOCUMENT,,yes,1500,no,no,no,no,no,no,no,no,,,,,,,MY LANDLORD AND I HAVE TO COME BACK AND SEE THE JUDGE ON A L,,31,no,BLACK OR AFRICAN AMERICAN,,,1750,female,1,1,1500,0,0,0,0,0,0
134,1/26/2011,2,ONCE A MONTH,,495,no,yes,1,woman,friend,BLACK OR AFRICAN AMERICAN,yes,21,,,,,,,,,,,,,,,,,,,,,yes,1,9,months,,,,,,,,,,,,,,,,,,,,,no,no,,,,,,,,,,,yes,1109,yes,no,no,no,MY LANDLORD AND I WORKED OUT A STIPULATION AGREEMENT THAT AL,,22,no,BLACK OR AFRICAN AMERICAN,,,336,female,0,1,1109,1,0,0,0,0,0
135,1/27/2011,2,ONCE A MONTH,,575,no,yes,2,man,child,BLACK OR AFRICAN AMERICAN,yes,29,woman,child,BLACK OR AFRICAN AMERICAN,no,23,,,,,,,,,,,,,,,,yes,1,16,years,,,,,,,,,,,,,,,,,,,,,no,no,,,,,,,,,,,yes,1500,no,no,no,no,MY CASE WAS DISMISSED,,53,no,BLACK OR AFRICAN AMERICAN,,,1000,female,0,1,1500,0,0,0,0,0,0
136,1/27/2011,3,ONCE A MONTH,,550,no,yes,1,man,AUNT OR UNCLE,BLACK OR AFRICAN AMERICAN,no,40,,,,,,,,,,,,,,,,,,,,,no,,,,,,,,,,,,,,,,,,,,,,,,no,no,,,,,,,,,,,yes,550,no,no,no,no,MY CASE WAS DISMISSED,,22,no,BLACK OR AFRICAN AMERICAN,,,2500,male,0,1,550,0,0,0,0,0,0
137,1/27/2011,2,ONCE A MONTH,,570,no,yes,1,woman,child,BLACK OR AFRICAN AMERICAN,no,19,,,,,,,,,,,,,,,,,,,,,yes,1,16,years,,,,,,,,,,,,,,,,,,,,,no,no,,,,,,,,,,,yes,1700,no,no,no,no,OTHER (SPECIFY),,39,no,BLACK OR AFRICAN AMERICAN,,,1000,female,0,1,1700,0,0,0,0,0,0
138,1/27/2011,4,ONCE A MONTH,,650,no,no,,,,,,,,,,,,,,,,,,,,,,,,,,,yes,6,7,years,8,years,10,years,10,years,12,years,16,years,,,,,,,,,,,no,no,,,,,,,,,,,yes,400,no,no,no,no,MY LANDLORD AND I WORKED OUT A STIPULATION AGREEMENT THAT AL,,32,no,BLACK OR AFRICAN AMERICAN,,,1800,female,0,1,400,0,0,0,0,0,0
139,1/27/2011,3,ONCE A MONTH,,535,no,no,,,,,,,,,,,,,,,,,,,,,,,,,,,yes,1,13,years,,,,,,,,,,,,,,,,,,,,,YES: SCAN DOCUMENT,,yes,767,no,no,no,no,no,no,no,no,,,,,,,MY LANDLORD AND I WORKED OUT A STIPULATION AGREEMENT THAT AL,,30,no,BLACK OR AFRICAN AMERICAN,,,688,female,1,1,767,0,0,0,0,0,0
140,1/27/2011,2,ONCE A MONTH,,525,no,no,,,,,,,,,,,,,,,,,,,,,,,,,,,yes,1,4,years,,,,,,,,,,,,,,,,,,,,,YES: SCAN DOCUMENT,,yes,886,no,no,no,no,no,no,no,no,,,,,,,MY LANDLORD AND I WORKED OUT A STIPULATION AGREEMENT THAT AL,,28,no,white,BLACK OR AFRICAN AMERICAN,,673,female,1,1,886,0,0,0,0,0,0
141,1/27/2011,3,ONCE A MONTH,,762,no,yes,2,man,child,white,no,28,man,child,white,no,26,,,,,,,,,,,,,,,,yes,1,16,years,,,,,,,,,,,,,,,,,,,,,YES: SCAN DOCUMENT,,yes,1753.79,no,no,no,no,no,no,no,no,,,,,,,MY LANDLORD AND I HAVE TO COME BACK AND SEE THE JUDGE ON A L,,50,no,white,,,3200,female,1,1,1753.79,0,0,0,0,0,0
142,1/27/2011,2,ONCE A MONTH,,650,no,yes,1,man,"OTHER, SPECIFY",BLACK OR AFRICAN AMERICAN,no,32,,,,,,,,,,,,,,,,,,,,,yes,2,6,years,8,years,,,,,,,,,,,,,,,,,,,no,no,,,,,,,,,,,yes,650,no,no,no,no,MY LANDLORD AND I WORKED OUT A STIPULATION AGREEMENT THAT AL,,31,no,BLACK OR AFRICAN AMERICAN,,,3400,female,0,1,650,0,0,0,0,0,0
143,1/27/2011,2,ONCE A MONTH,,525,no,no,,,,,,,,,,,,,,,,,,,,,,,,,,,yes,3,11,years,7,years,6,years,,,,,,,,,,,,,,,,,YES: SCAN DOCUMENT,,yes,1975,no,no,no,no,no,no,no,no,,,,,,,I WAS EVICTED AND TOLD TO VACATE THE PREMISES BY A CERTAIN D,don't know,27,no,BLACK OR AFRICAN AMERICAN,,,950,female,1,1,1975,0,0,0,0,0,0
144,1/28/2011,2,ONCE A MONTH,,550,no,no,,,,,,,,,,,,,,,,,,,,,,,,,,,no,,,,,,,,,,,,,,,,,,,,,,,,no,no,,,,,,,,,,,yes,550,no,no,no,no,MY LANDLORD AND I WORKED OUT A STIPULATION AGREEMENT THAT AL,,41,no,BLACK OR AFRICAN AMERICAN,,,800,female,0,1,550,0,0,0,0,0,0
145,1/28/2011,2,ONCE A MONTH,,275,no,no,,,,,,,,,,,,,,,,,,,,,,,,,,,no,,,,,,,,,,,,,,,,,,,,,,,,no,no,,,,,,,,,,,yes,675,yes,no,no,no,MY LANDLORD AND I WORKED OUT A STIPULATION AGREEMENT THAT AL,,48,no,BLACK OR AFRICAN AMERICAN,,,843,male,0,1,675,1,0,0,0,0,0
146,1/28/2011,1,ONCE A MONTH,,500,no,no,,,,,,,,,,,,,,,,,,,,,,,,,,,no,,,,,,,,,,,,,,,,,,,,,,,,no,yes,yes,500,no,no,no,no,no,no,no,no,,,,,,,MY LANDLORD AND I WORKED OUT A STIPULATION AGREEMENT THAT AL,,40,no,BLACK OR AFRICAN AMERICAN,,,1700,male,1,1,500,0,0,0,0,0,0
147,1/28/2011,3,SOME OTHER WAY,specify,700,no,no,,,,,,,,,,,,,,,,,,,,,,,,,,,no,,,,,,,,,,,,,,,,,,,,,,,,no,yes,yes,2800,no,no,no,no,no,no,no,no,,,,,,,MY LANDLORD AND I HAVE TO COME BACK AND SEE THE JUDGE ON A L,,36,no,BLACK OR AFRICAN AMERICAN,,,2200,female,1,1,2800,0,0,0,0,0,0
148,1/28/2011,2,ONCE A MONTH,,25,no,no,,,,,,,,,,,,,,,,,,,,,,,,,,,yes,2,1,years,4,years,,,,,,,,,,,,,,,,,,,no,blank,no,,yes,no,no,no,no,no,no,no,,,,,,,MY LANDLORD AND I HAVE TO COME BACK AND SEE THE JUDGE ON A L,,21,no,BLACK OR AFRICAN AMERICAN,,,700,female,0,0,,1,0,0,0,0,0
149,1/28/2011,1,ONCE A MONTH,,500,no,no,,,,,,,,,,,,,,,,,,,,,,,,,,,yes,1,7,years,,,,,,,,,,,,,,,,,,,,,no,no,,,,,,,,,,,yes,500,no,no,no,no,I WAS EVICTED AND TOLD TO VACATE THE PREMISES BY A CERTAIN D,AT A HOMELESS SHELTER,26,no,BLACK OR AFRICAN AMERICAN,,,600,female,0,1,500,0,0,0,0,0,0
150,1/28/2011,1,ONCE A MONTH,,495,no,no,,,,,,,,,,,,,,,,,,,,,,,,,,,yes,1,7,years,,,,,,,,,,,,,,,,,,,,,no,no,,,,,,,,,,,yes,295,no,no,no,no,MY LANDLORD AND I WORKED OUT A STIPULATION AGREEMENT THAT AL,,24,no,BLACK OR AFRICAN AMERICAN,,,don't know,female,0,1,295,0,0,0,0,0,0
151,1/28/2011,2,ONCE A MONTH,,600,no,no,,,,,,,,,,,,,,,,,,,,,,,,,,,yes,1,7,months,,,,,,,,,,,,,,,,,,,,,no,no,,,,,,,,,,,yes,600,yes,no,no,no,MY LANDLORD AND I WORKED OUT A STIPULATION AGREEMENT THAT AL,,28,no,BLACK OR AFRICAN AMERICAN,,,700,female,0,1,600,1,0,0,0,0,0
152,1/28/2011,3,ONCE A MONTH,,725,no,yes,1,man,friend,BLACK OR AFRICAN AMERICAN,yes,38,,,,,,,,,,,,,,,,,,,,,yes,3,15,years,16,years,3,years,,,,,,,,,,,,,,,,,no,no,,,,,,,,,,,yes,1450,no,no,no,no,MY LANDLORD AND I WORKED OUT A STIPULATION AGREEMENT THAT AL,,38,no,BLACK OR AFRICAN AMERICAN,,,673,female,0,1,1450,0,0,0,0,0,0
153,1/28/2011,2,ONCE A MONTH,,625,no,no,,,,,,,,,,,,,,,,,,,,,,,,,,,yes,3,2,years,3,years,6,years,,,,,,,,,,,,,,,,,no,yes,yes,860,no,no,no,no,no,no,no,no,,,,,,,MY LANDLORD AND I WORKED OUT A STIPULATION AGREEMENT THAT AL,,25,no,BLACK OR AFRICAN AMERICAN,,,1200,female,1,1,860,0,0,0,0,0,0
154,1/28/2011,1,ONCE A MONTH,,475,no,no,,,,,,,,,,,,,,,,,,,,,,,,,,,no,,,,,,,,,,,,,,,,,,,,,,,,no,yes,yes,450,no,no,no,no,no,no,no,no,,,,,,,MY LANDLORD AND I WORKED OUT A STIPULATION AGREEMENT THAT AL,,43,no,BLACK OR AFRICAN AMERICAN,,,690,male,1,1,450,0,0,0,0,0,0
155,2/1/2011,5,ONCE A MONTH,,550,no,yes,1,man,sibling,white,no,46,,,,,,,,,,,,,,,,,,,,,no,,,,,,,,,,,,,,,,,,,,,,,,no,no,,,,,,,,,,,yes,8000,no,no,no,no,I WAS EVICTED AND TOLD TO VACATE THE PREMISES BY A CERTAIN D,don't know,44,no,white,,,945,male,0,1,8000,0,0,0,0,0,0
156,2/1/2011,2,ONCE A MONTH,,595,no,yes,2,woman,sibling,BLACK OR AFRICAN AMERICAN,no,18,man,"OTHER, SPECIFY",BLACK OR AFRICAN AMERICAN,no,40,,,,,,,,,,,,,,,,yes,5,15,years,7,years,5,years,4,years,3,years,,,,,,,,,,,,,no,no,,,,,,,,,,,yes,150,yes,no,no,no,MY CASE WAS DISMISSED,,35,no,BLACK OR AFRICAN AMERICAN,,,1370,female,0,1,150,1,0,0,0,0,0
157,2/1/2011,1,ONCE A MONTH,,500,no,yes,1,man,"OTHER, SPECIFY",BLACK OR AFRICAN AMERICAN,no,27,,,,,,,,,,,,,,,,,,,,,yes,1,2,years,,,,,,,,,,,,,,,,,,,,,no,no,,,,,,,,,,,yes,600,no,no,no,no,MY CASE WAS DISMISSED,,24,no,white,BLACK OR AFRICAN AMERICAN,,800,female,0,1,600,0,0,0,0,0,0
158,2/1/2011,2,ONCE A MONTH,,625,no,no,,,,,,,,,,,,,,,,,,,,,,,,,,,yes,1,2,years,,,,,,,,,,,,,,,,,,,,,no,no,,,,,,,,,,,yes,875,yes,no,no,blank,MY LANDLORD AND I HAVE TO COME BACK AND SEE THE JUDGE ON A L,,28,no,white,,,1000,male,0,1,875,1,0,0,0,0,0
159,2/1/2011,3,ONCE A MONTH,,1260,no,no,,,,,,,,,,,,,,,,,,,,,,,,,,,yes,3,6,years,8,years,16,years,,,,,,,,,,,,,,,,,no,no,,,,,,,,,,,yes,1260,no,no,no,no,MY LANDLORD AND I HAVE TO COME BACK AND SEE THE JUDGE ON A L,,33,no,BLACK OR AFRICAN AMERICAN,,,refused,female,0,1,1260,0,0,0,0,0,0
160,2/1/2011,1,ONCE A MONTH,,450,no,yes,1,woman,"OTHER, SPECIFY",BLACK OR AFRICAN AMERICAN,yes,26,,,,,,,,,,,,,,,,,,,,,yes,1,3,years,,,,,,,,,,,,,,,,,,,,,YES: SCAN DOCUMENT,,yes,900,no,no,no,no,no,no,no,no,,,,,,,I WAS EVICTED AND TOLD TO VACATE THE PREMISES BY A CERTAIN D,OTHER (SPECIFY),33,yes,hispanic,,,437,male,1,1,900,0,0,0,0,0,0
161,2/1/2011,1,ONCE A MONTH,,450,no,no,,,,,,,,,,,,,,,,,,,,,,,,,,,no,,,,,,,,,,,,,,,,,,,,,,,,YES: SCAN DOCUMENT,,yes,1000,no,no,no,no,no,no,no,no,,,,,,,MY LANDLORD AND I HAVE TO COME BACK AND SEE THE JUDGE ON A L,,33,yes,BLACK OR AFRICAN AMERICAN,,,1500,female,1,1,1000,0,0,0,0,0,0
162,2/1/2011,2,ONCE A MONTH,,525,no,no,,,,,,,,,,,,,,,,,,,,,,,,,,,yes,2,8,years,4,years,,,,,,,,,,,,,,,,,,,no,yes,yes,955,no,no,no,no,no,no,no,,,,,,,,I WAS EVICTED AND TOLD TO VACATE THE PREMISES BY A CERTAIN D,AT A HOMELESS SHELTER,27,no,BLACK OR AFRICAN AMERICAN,,,800,female,1,1,955,0,0,0,0,0,0
163,2/1/2011,4,ONCE A MONTH,,675,no,yes,2,man,NIECE OR NEPHEW,BLACK OR AFRICAN AMERICAN,no,30,woman,"OTHER, SPECIFY",BLACK OR AFRICAN AMERICAN,no,22,,,,,,,,,,,,,,,,yes,1,1,years,,,,,,,,,,,,,,,,,,,,,blank,blank,yes,675,no,no,no,no,no,no,no,,,,,,,,I WAS EVICTED AND TOLD TO VACATE THE PREMISES BY A CERTAIN D,OTHER (SPECIFY),35,no,BLACK OR AFRICAN AMERICAN,,,2000,female,0,1,675,0,0,0,0,0,0
164,2/1/2011,STUDIO APARTMENT,ONCE A WEEK,,100,no,no,,,,,,,,,,,,,,,,,,,,,,,,,,,no,,,,,,,,,,,,,,,,,,,,,,,,blank,blank,no,,no,no,no,no,no,yes,no,,,,,,,,MY LANDLORD AND I HAVE TO COME BACK AND SEE THE JUDGE ON A L,,31,no,BLACK OR AFRICAN AMERICAN,,,929,male,0,0,,0,0,1,0,0,0
165,2/3/2011,4,ONCE A MONTH,,600,no,yes,1,woman,child,BLACK OR AFRICAN AMERICAN,no,24,,,,,,,,,,,,,,,,,,,,,no,,,,,,,,,,,,,,,,,,,,,,,,no,no,,,,,,,,,,,yes,9000,no,no,no,no,I WAS EVICTED AND TOLD TO VACATE THE PREMISES BY A CERTAIN D,don't know,56,no,BLACK OR AFRICAN AMERICAN,,,don't know,female,0,1,9000,0,0,0,0,0,0
166,2/4/2011,1,ONCE A MONTH,,450,no,no,,,,,,,,,,,,,,,,,,,,,,,,,,,no,,,,,,,,,,,,,,,,,,,,,,,,blank,blank,yes,925,no,no,no,no,no,no,no,,,,,,,,I WAS EVICTED AND TOLD TO VACATE THE PREMISES BY A CERTAIN D,OTHER (SPECIFY),46,no,white,,,0,male,0,1,925,0,0,0,0,0,0
167,2/4/2011,4,ONCE A MONTH,,225,no,no,,,,,,,,,,,,,,,,,,,,,,,,,,,no,,,,,,,,,,,,,,,,,,,,,,,,no,no,,,,,,,,,,,yes,200,yes,no,no,no,MY LANDLORD AND I WORKED OUT A STIPULATION AGREEMENT THAT AL,,51,no,BLACK OR AFRICAN AMERICAN,,,2000,male,0,1,200,1,0,0,0,0,0
168,2/4/2011,2,ONCE A MONTH,,700,no,no,,,,,,,,,,,,,,,,,,,,,,,,,,,yes,2,10,years,11,years,,,,,,,,,,,,,,,,,,,no,no,,,,,,,,,,,yes,700,no,no,no,blank,MY LANDLORD AND I WORKED OUT A STIPULATION AGREEMENT THAT AL,,35,no,BLACK OR AFRICAN AMERICAN,,,0,female,0,1,700,0,0,0,0,0,0
169,2/4/2011,1,ONCE A MONTH,,465,no,no,,,,,,,,,,,,,,,,,,,,,,,,,,,yes,1,15,years,,,,,,,,,,,,,,,,,,,,,no,yes,yes,1600,no,no,no,no,no,no,no,,,,,,,,I WAS EVICTED AND TOLD TO VACATE THE PREMISES BY A CERTAIN D,OTHER (SPECIFY),36,no,BLACK OR AFRICAN AMERICAN,,,1400,male,1,1,1600,0,0,0,0,0,0
170,2/4/2011,2,ONCE A MONTH,,650,no,yes,1,man,"OTHER, SPECIFY",BLACK OR AFRICAN AMERICAN,yes,45,,,,,,,,,,,,,,,,,,,,,yes,1,16,years,,,,,,,,,,,,,,,,,,,,,no,no,,,,,,,,,,,yes,2000,no,no,no,no,MY LANDLORD AND I WORKED OUT A STIPULATION AGREEMENT THAT AL,,52,no,BLACK OR AFRICAN AMERICAN,,,1300,female,0,1,2000,0,0,0,0,0,0
171,2/7/2011,2,ONCE A MONTH,,675,no,yes,1,man,BOYFRIEND OR GIRLFRIEND,BLACK OR AFRICAN AMERICAN,no,24,,,,,,,,,,,,,,,,,,,,,no,,,,,,,,,,,,,,,,,,,,,,,,no,no,,,,,,,,,,,no,,no,no,yes,yes,MY LANDLORD AND I WORKED OUT A STIPULATION AGREEMENT THAT AL,,20,no,BLACK OR AFRICAN AMERICAN,,,1500,female,0,0,,0,0,1,0,1,0
172,2/7/2011,1,ONCE A MONTH,,280,no,no,,,,,,,,,,,,,,,,,,,,,,,,,,,no,,,,,,,,,,,,,,,,,,,,,,,,blank,blank,yes,280,no,no,no,no,no,no,no,,,,,,,,MY LANDLORD AND I HAVE TO COME BACK AND SEE THE JUDGE ON A L,,50,no,BLACK OR AFRICAN AMERICAN,,,806,male,0,1,280,0,0,0,0,0,0
173,2/7/2011,2,ONCE A MONTH,,625,no,no,,,,,,,,,,,,,,,,,,,,,,,,,,,no,,,,,,,,,,,,,,,,,,,,,,,,blank,blank,yes,670,no,no,no,no,no,no,no,,,,,,,,MY LANDLORD AND I WORKED OUT A STIPULATION AGREEMENT THAT AL,,47,no,BLACK OR AFRICAN AMERICAN,,,2200,male,0,1,670,0,0,0,0,0,0
174,2/7/2011,2,ONCE A MONTH,,575,no,no,,,,,,,,,,,,,,,,,,,,,,,,,,,yes,1,5,years,,,,,,,,,,,,,,,,,,,,,no,no,,,,,,,,,,,yes,1067,no,no,no,no,MY LANDLORD AND I WORKED OUT A STIPULATION AGREEMENT THAT AL,,26,no,BLACK OR AFRICAN AMERICAN,,,900,female,0,1,1067,0,0,0,0,0,0
175,2/7/2011,2,ONCE A MONTH,,550,no,no,,,,,,,,,,,,,,,,,,,,,,,,,,,yes,2,17,years,15,years,,,,,,,,,,,,,,,,,,,no,yes,yes,390,no,no,no,no,no,no,no,,,,,,,,MY LANDLORD AND I WORKED OUT A STIPULATION AGREEMENT THAT AL,,48,no,BLACK OR AFRICAN AMERICAN,,,800,female,1,1,390,0,0,0,0,0,0
176,2/7/2011,4,ONCE A MONTH,,820,no,yes,1,man,"OTHER, SPECIFY",BLACK OR AFRICAN AMERICAN,yes,43,,,,,,,,,,,,,,,,,,,,,yes,2,15,years,12,years,,,,,,,,,,,,,,,,,,,no,no,,,,,,,,,,,yes,1330,no,no,no,no,I WAS EVICTED AND TOLD TO VACATE THE PREMISES BY A CERTAIN D,OTHER (SPECIFY),51,no,BLACK OR AFRICAN AMERICAN,,,2200,female,0,1,1330,0,0,0,0,0,0
177,2/7/2011,5,ONCE A MONTH,,747,no,yes,1,man,"OTHER, SPECIFY",BLACK OR AFRICAN AMERICAN,yes,46,,,,,,,,,,,,,,,,,,,,,yes,7,17,years,16,years,14,years,11,years,10,years,8,years,7,years,,,,,,,,,no,no,,,,,,,,,,,yes,5000,no,no,no,no,MY LANDLORD AND I WORKED OUT A STIPULATION AGREEMENT THAT AL,,43,no,BLACK OR AFRICAN AMERICAN,,,1800,female,0,1,5000,0,0,0,0,0,0
178,2/7/2011,4,ONCE A MONTH,,700,no,yes,1,woman,sibling,BLACK OR AFRICAN AMERICAN,yes,32,,,,,,,,,,,,,,,,,,,,,yes,4,1,years,2,years,6,years,8,years,,,,,,,,,,,,,,,no,no,,,,,,,,,,,yes,1400,no,no,no,no,MY LANDLORD AND I HAVE TO COME BACK AND SEE THE JUDGE ON A L,,27,no,BLACK OR AFRICAN AMERICAN,,,2600,female,0,1,1400,0,0,0,0,0,0
179,2/08/2011,1,ONCE A MONTH,,630,no,no,,,,,,,,,,,,,,,,,,,,,,,,,,,no,,,,,,,,,,,,,,,,,,,,,,,,no,no,,,,,,,,,,,yes,2200,yes,no,no,no,MY LANDLORD AND I WORKED OUT A STIPULATION AGREEMENT THAT AL,,27,no,BLACK OR AFRICAN AMERICAN,,,0,female,0,1,2200,1,0,0,0,0,0
180,1/18/2011,2,ONCE A MONTH,,570,no,no,,,,,,,,,,,,,,,,,,,,,,,,,,,yes,1,13,years,,,,,,,,,,,,,,,,,,,,,blank,blank,yes,1200,no,no,no,no,no,no,no,no,,,,,,,I WAS EVICTED AND TOLD TO VACATE THE PREMISES BY A CERTAIN D,don't know,44,no,white,BLACK OR AFRICAN AMERICAN,,800,male,0,1,1200,0,0,0,0,0,0
181,1/18/2011,3,ONCE A MONTH,,550,no,yes,2,woman,child,BLACK OR AFRICAN AMERICAN,no,21,man,child,BLACK OR AFRICAN AMERICAN,no,19,,,,,,,,,,,,,,,,yes,2,17,years,9,years,,,,,,,,,,,,,,,,,,,blank,blank,yes,3650,no,no,no,no,no,no,blank,no,,,,,,,I WAS EVICTED AND TOLD TO VACATE THE PREMISES BY A CERTAIN D,don't know,41,no,BLACK OR AFRICAN AMERICAN,,,786,female,0,1,3650,0,0,0,0,0,0
182,1/18/2011,3,ONCE A MONTH,,750,no,yes,2,woman,child,BLACK OR AFRICAN AMERICAN,no,22,woman,child,BLACK OR AFRICAN AMERICAN,no,19,,,,,,,,,,,,,,,,yes,2,16,years,12,months,,,,,,,,,,,,,,,,,,,no,no,,,,,,,,,,,yes,blank,no,no,no,yes,OTHER (SPECIFY),,41,no,BLACK OR AFRICAN AMERICAN,,,1800,female,0,1,,0,0,0,1,0,0
183,1/18/2011,3,ONCE A MONTH,,845,no,yes,1,man,BOYFRIEND OR GIRLFRIEND,hispanic,no,31,,,,,,,,,,,,,,,,,,,,,yes,2,8,years,5,years,,,,,,,,,,,,,,,,,,,YES: SCAN DOCUMENT,,yes,2435,no,no,no,no,no,no,no,no,,,,,,,MY LANDLORD AND I WORKED OUT A STIPULATION AGREEMENT THAT AL,,34,no,white,,,1100,female,1,1,2435,0,0,0,0,0,0
184,1/19/2011,2,ONCE A MONTH,,625,no,yes,1,man,BOYFRIEND OR GIRLFRIEND,white,yes,25,,,,,,,,,,,,,,,,,,,,,yes,3,6,years,4,years,1,years,,,,,,,,,,,,,,,,,YES: SCAN DOCUMENT,,yes,1574,no,no,no,no,no,no,no,no,,,,,,,MY LANDLORD AND I HAVE TO COME BACK AND SEE THE JUDGE ON A L,,23,no,white,,,760,female,1,1,1574,0,0,0,0,0,0
185,1/19/2011,3,ONCE A MONTH,,900,no,yes,1,woman,spouse,white,no,35,,,,,,,,,,,,,,,,,,,,,yes,3,2,years,5,years,16,years,,,,,,,,,,,,,,,,,YES: SCAN DOCUMENT,,yes,900,no,no,no,no,no,no,no,no,,,,,,,I WAS EVICTED AND TOLD TO VACATE THE PREMISES BY A CERTAIN D,don't know,39,yes,hispanic,,,1600,male,1,1,900,0,0,0,0,0,0
186,1/19/2011,2,ONCE A MONTH,,615,no,no,,,,,,,,,,,,,,,,,,,,,,,,,,,no,,,,,,,,,,,,,,,,,,,,,,,,YES: SCAN DOCUMENT,,yes,1730,no,no,no,no,no,no,no,no,,,,,,,MY LANDLORD AND I WORKED OUT A STIPULATION AGREEMENT THAT AL,,34,no,BLACK OR AFRICAN AMERICAN,,,0,male,1,1,1730,0,0,0,0,0,0
187,1/26/2011,2,ONCE A MONTH,,595,no,yes,1,woman,"OTHER, SPECIFY",white,yes,21,,,,,,,,,,,,,,,,,,,,,yes,1,3,months,,,,,,,,,,,,,,,,,,,,,YES: SCAN DOCUMENT,,yes,545,no,no,no,no,no,no,no,no,,,,,,,MY LANDLORD AND I WORKED OUT A STIPULATION AGREEMENT THAT AL,,23,no,white,,,1800,male,1,1,545,0,0,0,0,0,0
188,1/26/2011,2,ONCE A MONTH,,550,no,yes,1,woman,spouse,white,yes,53,,,,,,,,,,,,,,,,,,,,,yes,1,8,years,,,,,,,,,,,,,,,,,,,,,YES: SCAN DOCUMENT,,yes,2100,no,no,no,no,no,no,no,no,,,,,,,I WAS EVICTED AND TOLD TO VACATE THE PREMISES BY A CERTAIN D,OTHER (SPECIFY),43,no,white,,,673,male,1,1,2100,0,0,0,0,0,0
189,1/26/2011,2,ONCE A MONTH,,620,no,yes,1,man,BOYFRIEND OR GIRLFRIEND,BLACK OR AFRICAN AMERICAN,yes,28,,,,,,,,,,,,,,,,,,,,,yes,1,6,years,,,,,,,,,,,,,,,,,,,,,YES: SCAN DOCUMENT,,yes,620,no,no,no,no,no,no,no,no,,,,,,,I WAS EVICTED AND TOLD TO VACATE THE PREMISES BY A CERTAIN D,WITH A FAMILY MEMBER,30,no,BLACK OR AFRICAN AMERICAN,,,800,female,1,1,620,0,0,0,0,0,0
190,1/26/2011,3,ONCE A MONTH,,725,no,no,,,,,,,,,,,,,,,,,,,,,,,,,,,yes,3,15,years,13,years,4,years,,,,,,,,,,,,,,,,,YES: SCAN DOCUMENT,,yes,1490,no,no,no,no,no,no,no,no,,,,,,,MY CASE WAS DISMISSED,,32,no,BLACK OR AFRICAN AMERICAN,,,0,female,1,1,1490,0,0,0,0,0,0
191,1/26/2011,2,ONCE A MONTH,,585,no,yes,1,woman,friend,BLACK OR AFRICAN AMERICAN,yes,22,,,,,,,,,,,,,,,,,,,,,yes,2,3,years,1,years,,,,,,,,,,,,,,,,,,,no,no,,,,,,,,,,,yes,1594,no,no,no,blank,MY LANDLORD AND I WORKED OUT A STIPULATION AGREEMENT THAT AL,,19,no,BLACK OR AFRICAN AMERICAN,,,673,female,0,1,1594,0,0,0,0,0,0
210,2/8/2011,2,ONCE A MONTH,,595,no,no,,,,,,,,,,,,,,,,,,,,,,,,,,,no,,,,,,,,,,,,,,,,,,,,,,,,no,no,,,,,,,,,,,yes,353,no,no,no,no,MY LANDLORD AND I WORKED OUT A STIPULATION AGREEMENT THAT AL,,21,no,BLACK OR AFRICAN AMERICAN,,,2000,male,0,1,353,0,0,0,0,0,0
211,2/10/201,STUDIO APARTMENT,ONCE A MONTH,,550,no,no,,,,,,,,,,,,,,,,,,,,,,,,,,,no,,,,,,,,,,,,,,,,,,,,,,,,no,no,,,,,,,,,,,yes,800,no,no,no,no,MY LANDLORD AND I WORKED OUT A STIPULATION AGREEMENT THAT AL,,48,no,white,,,1800,male,0,1,800,0,0,0,0,0,0
212,2/10/201,2,ONCE A MONTH,,1065,no,yes,1,man,"OTHER, SPECIFY",hispanic,yes,56,,,,,,,,,,,,,,,,,,,,,no,,,,,,,,,,,,,,,,,,,,,,,,blank,blank,yes,blank,no,no,no,no,no,no,no,,,,,,,,I WAS EVICTED AND TOLD TO VACATE THE PREMISES BY A CERTAIN D,don't know,69,no,white,,,917,male,0,1,,0,0,0,0,0,0
213,2/10/201,1,ONCE A MONTH,,480,no,yes,1,woman,BOYFRIEND OR GIRLFRIEND,BLACK OR AFRICAN AMERICAN,yes,24,,,,,,,,,,,,,,,,,,,,,no,,,,,,,,,,,,,,,,,,,,,,,,blank,blank,blank,,blank,blank,blank,blank,blank,blank,blank,yes,,,,,,,MY LANDLORD AND I HAVE TO COME BACK AND SEE THE JUDGE ON A L,,28,no,BLACK OR AFRICAN AMERICAN,,,1200,male,0,0,,0,1,0,0,0,0
214,2/10/201,1,ONCE A MONTH,,500,no,no,,,,,,,,,,,,,,,,,,,,,,,,,,,yes,1,3,years,,,,,,,,,,,,,,,,,,,,,no,no,,,,,,,,,,,yes,700,no,no,no,no,I WAS EVICTED AND TOLD TO VACATE THE PREMISES BY A CERTAIN D,OTHER (SPECIFY),22,no,BLACK OR AFRICAN AMERICAN,,,0,female,0,1,700,0,0,0,0,0,0
215,2/10/201,3,ONCE A MONTH,,700,no,yes,1,woman,sibling,BLACK OR AFRICAN AMERICAN,yes,25,,,,,,,,,,,,,,,,,,,,,yes,2,2,years,2,years,,,,,,,,,,,,,,,,,,,no,no,,,,,,,,,,,yes,1400,no,no,no,no,MY LANDLORD AND I HAVE TO COME BACK AND SEE THE JUDGE ON A L,,54,no,BLACK OR AFRICAN AMERICAN,,,2500,female,0,1,1400,0,0,0,0,0,0
216,2/10/201,1,ONCE A MONTH,,460,no,no,,,,,,,,,,,,,,,,,,,,,,,,,,,no,,,,,,,,,,,,,,,,,,,,,,,,no,yes,yes,414,no,no,no,no,no,no,no,,,,,,,,MY LANDLORD AND I HAVE TO COME BACK AND SEE THE JUDGE ON A L,,55,no,BLACK OR AFRICAN AMERICAN,,,0,female,1,1,414,0,0,0,0,0,0
217,2/10/201,2,ONCE A MONTH,,575,no,yes,1,man,BOYFRIEND OR GIRLFRIEND,hispanic,no,41,,,,,,,,,,,,,,,,,,,,,yes,1,11,years,,,,,,,,,,,,,,,,,,,,,no,no,,,,,,,,,,,yes,1250,no,no,no,no,MY LANDLORD AND I WORKED OUT A STIPULATION AGREEMENT THAT AL,,42,yes,hispanic,,,625,female,0,1,1250,0,0,0,0,0,0
218,2/10/201,blank,ONCE A MONTH,,420,no,yes,1,woman,"OTHER, SPECIFY",white,no,46,,,,,,,,,,,,,,,,,,,,,no,,,,,,,,,,,,,,,,,,,,,,,,no,yes,yes,1750,no,no,no,no,no,no,no,no,,,,,,,MY LANDLORD AND I WORKED OUT A STIPULATION AGREEMENT THAT AL,,36,no,white,,,1000,male,1,1,1750,0,0,0,0,0,0
219,2/10/201,1,ONCE A MONTH,,300,no,yes,1,woman,BOYFRIEND OR GIRLFRIEND,BLACK OR AFRICAN AMERICAN,yes,20,,,,,,,,,,,,,,,,,,,,,no,,,,,,,,,,,,,,,,,,,,,,,,YES: SCAN DOCUMENT,,,,,,,,,,,no,,,,,,,MY LANDLORD AND I HAVE TO COME BACK AND SEE THE JUDGE ON A L,,20,no,BLACK OR AFRICAN AMERICAN,,,800,male,1,0,,0,0,0,0,0,0
220,2/10/201,3,ONCE A MONTH,,550,no,no,,,,,,,,,,,,,,,,,,,,,,,,,,,yes,1,4,years,,,,,,,,,,,,,,,,,,,,,YES: SCAN DOCUMENT,,,,,,,,,,,no,,,,,,,MY CASE WAS DISMISSED,,60,no,BLACK OR AFRICAN AMERICAN,,,1200,male,1,0,,0,0,0,0,0,0
221,2/10/201,3,ONCE A MONTH,,1010,no,yes,2,woman,BOYFRIEND OR GIRLFRIEND,white,yes,21,woman,friend,BLACK OR AFRICAN AMERICAN,yes,20,,,,,,,,,,,,,,,,no,,,,,,,,,,,,,,,,,,,,,,,,no,no,,,,,,,,,,,yes,1800,no,no,no,no,MY CASE WAS DISMISSED,,21,no,white,,,9000,female,0,1,1800,0,0,0,0,0,0
222,2/11/201,1,ONCE A MONTH,,525,no,no,,,,,,,,,,,,,,,,,,,,,,,,,,,no,,,,,,,,,,,,,,,,,,,,,,,,no,no,,,,,,,,,,,yes,1500,no,no,no,no,MY LANDLORD AND I WORKED OUT A STIPULATION AGREEMENT THAT AL,,48,no,BLACK OR AFRICAN AMERICAN,,,1380,female,0,1,1500,0,0,0,0,0,0
223,2/11/201,3,ONCE A MONTH,,650,no,no,,,,,,,,,,,,,,,,,,,,,,,,,,,yes,4,11,years,8,years,6,years,1,years,,,,,,,,,,,,,,,no,no,,,,,,,,,,,yes,1300,no,no,no,no,MY LANDLORD AND I WORKED OUT A STIPULATION AGREEMENT THAT AL,,27,no,BLACK OR AFRICAN AMERICAN,,,400,female,0,1,1300,0,0,0,0,0,0
224,2/11/201,1,ONCE A MONTH,,490,no,yes,1,woman,child,white,no,18,,,,,,,,,,,,,,,,,,,,,blank,,,,,,,,,,,,,,,,,,,,,,,,no,no,,,,,,,,,,,yes,340,no,no,no,no,MY CASE WAS DISMISSED,,42,no,white,,,600,female,0,1,340,0,0,0,0,0,0
225,2/11/201,STUDIO APARTMENT,ONCE A MONTH,,975,no,no,,,,,,,,,,,,,,,,,,,,,,,,,,,no,,,,,,,,,,,,,,,,,,,,,,,,no,no,,,,,,,,,,,yes,blank,yes,yes,no,no,MY LANDLORD AND I HAVE TO COME BACK AND SEE THE JUDGE ON A L,,22,yes,white,hispanic,,7500,male,0,1,,1,1,0,0,0,0
226,2/11/201,2,ONCE A MONTH,,625,no,no,,,,,,,,,,,,,,,,,,,,,,,,,,,yes,2,16,years,17,years,,,,,,,,,,,,,,,,,,,no,no,,,,,,,,,,,yes,705,no,no,no,no,MY CASE WAS DISMISSED,,49,no,BLACK OR AFRICAN AMERICAN,,,732,female,0,1,705,0,0,0,0,0,0
227,2/11/201,3,ONCE A MONTH,,875,no,no,,,,,,,,,,,,,,,,,,,,,,,,,,,yes,2,17,years,8,years,,,,,,,,,,,,,,,,,,,no,no,,,,,,,,,,,yes,1200,no,no,no,yes,I WAS EVICTED AND TOLD TO VACATE THE PREMISES BY A CERTAIN D,don't know,45,no,BLACK OR AFRICAN AMERICAN,,,1600,female,0,1,1200,0,0,0,1,0,0
228,2/11/201,2,ONCE A MONTH,,575,no,no,,,,,,,,,,,,,,,,,,,,,,,,,,,yes,1,2,years,,,,,,,,,,,,,,,,,,,,,no,no,,,,,,,,,,,yes,575,no,no,no,no,MY CASE WAS DISMISSED,,21,no,BLACK OR AFRICAN AMERICAN,,,673,female,0,1,575,0,0,0,0,0,0
229,2/11/201,1,ONCE A MONTH,,585,no,no,,,,,,,,,,,,,,,,,,,,,,,,,,,no,,,,,,,,,,,,,,,,,,,,,,,,no,yes,yes,1305,no,no,no,no,no,no,no,,,,,,,,MY LANDLORD AND I WORKED OUT A STIPULATION AGREEMENT THAT AL,,22,no,white,,,0,male,1,1,1305,0,0,0,0,0,0
230,1/20/2011,3,ONCE A MONTH,,625,no,no,,,,,,,,,,,,,,,,,,,,,,,,,,,no,,,,,,,,,,,,,,,,,,,,,,,,no,yes,yes,1000,no,no,no,no,no,no,blank,no,,,,,,,I WAS EVICTED AND TOLD TO VACATE THE PREMISES BY A CERTAIN D,don't know,25,no,BLACK OR AFRICAN AMERICAN,,,1000,female,1,1,1000,0,0,0,0,0,0
231,1/20/2011,3,ONCE A MONTH,,650,no,yes,1,man,"OTHER, SPECIFY",hispanic,yes,25,,,,,,,,,,,,,,,,,,,,,yes,1,2,years,,,,,,,,,,,,,,,,,,,,,no,yes,yes,650,no,no,no,no,no,no,no,no,,,,,,,I WAS EVICTED AND TOLD TO VACATE THE PREMISES BY A CERTAIN D,don't know,23,yes,hispanic,,,don't know,female,1,1,650,0,0,0,0,0,0
232,1/20/2011,2,ONCE A MONTH,,550,yes,yes,2,man,BOYFRIEND OR GIRLFRIEND,BLACK OR AFRICAN AMERICAN,no,23,woman,sibling,BLACK OR AFRICAN AMERICAN,yes,21,,,,,,,,,,,,,,,,no,,,,,,,,,,,,,,,,,,,,,,,,YES: SCAN DOCUMENT,,yes,550,no,no,no,no,no,no,no,no,,,,,,,MY CASE WAS DISMISSED,,23,no,SOMETHING ELSE (SPECIFY),,,1534,female,1,1,550,0,0,0,0,0,0
233,1/20/2011,3,ONCE A MONTH,,750,no,yes,2,man,BOYFRIEND OR GIRLFRIEND,BLACK OR AFRICAN AMERICAN,no,35,man,child,BLACK OR AFRICAN AMERICAN,no,20,,,,,,,,,,,,,,,,yes,5,14,years,13,years,11,years,2,years,7,months,,,,,,,,,,,,,no,yes,yes,750,no,no,no,no,no,no,no,no,,,,,,,MY LANDLORD AND I HAVE TO COME BACK AND SEE THE JUDGE ON A L,,39,no,BLACK OR AFRICAN AMERICAN,,,1588,female,1,1,750,0,0,0,0,0,0
234,1/21/2011,4,ONCE A MONTH,,850,no,yes,1,man,"OTHER, SPECIFY",BLACK OR AFRICAN AMERICAN,no,40,,,,,,,,,,,,,,,,,,,,,yes,4,17,years,16,years,15,years,13,years,,,,,,,,,,,,,,,YES: SCAN DOCUMENT,,,,,,,,,,,no,,,,,,,I WAS EVICTED AND TOLD TO VACATE THE PREMISES BY A CERTAIN D,OTHER (SPECIFY),35,no,BLACK OR AFRICAN AMERICAN,,,1457,female,1,0,,0,0,0,0,0,0
235,1/21/2011,2,ONCE A MONTH,,450,no,yes,1,woman,parent,white,yes,50,,,,,,,,,,,,,,,,,,,,,no,,,,,,,,,,,,,,,,,,,,,,,,no,yes,yes,900,no,no,no,no,no,no,no,no,,,,,,,MY LANDLORD AND I HAVE TO COME BACK AND SEE THE JUDGE ON A L,,26,no,BLACK OR AFRICAN AMERICAN,,,836,female,1,1,900,0,0,0,0,0,0
236,1/21/2011,2,ONCE A MONTH,,665,yes,no,,,,,,,,,,,,,,,,,,,,,,,,,,,blank,,,,,,,,,,,,,,,,,,,,,,,,YES: SCAN DOCUMENT,,yes,1084,no,no,no,no,no,no,no,no,,,,,,,MY LANDLORD AND I WORKED OUT A STIPULATION AGREEMENT THAT AL,,43,no,BLACK OR AFRICAN AMERICAN,,,1173,female,1,1,1084,0,0,0,0,0,0
237,1/21/2011,2,ONCE A MONTH,,500,no,yes,1,woman,spouse,white,no,52,,,,,,,,,,,,,,,,,,,,,no,,,,,,,,,,,,,,,,,,,,,,,,no,no,,,,,,,,,,,yes,500,no,no,no,blank,MY LANDLORD AND I HAVE TO COME BACK AND SEE THE JUDGE ON A L,,53,no,white,,,700,male,0,1,500,0,0,0,0,0,0
238,1/21/2011,1,ONCE A MONTH,,375,yes,no,,,,,,,,,,,,,,,,,,,,,,,,,,,no,,,,,,,,,,,,,,,,,,,,,,,,no,no,,,,,,,,,,,yes,850,no,no,no,blank,I WAS EVICTED AND TOLD TO VACATE THE PREMISES BY A CERTAIN D,WITH A FAMILY MEMBER,22,no,BLACK OR AFRICAN AMERICAN,,,435,male,0,1,850,0,0,0,0,0,0
239,1/21/2011,2,ONCE A MONTH,,624,no,no,,,,,,,,,,,,,,,,,,,,,,,,,,,yes,1,1,years,,,,,,,,,,,,,,,,,,,,,no,no,,,,,,,,,,,yes,775,no,no,no,blank,MY LANDLORD AND I WORKED OUT A STIPULATION AGREEMENT THAT AL,,25,no,BLACK OR AFRICAN AMERICAN,,,673,female,0,1,775,0,0,0,0,0,0
240,1/21/2011,1,ONCE A MONTH,,495,no,no,,,,,,,,,,,,,,,,,,,,,,,,,,,yes,1,2,years,,,,,,,,,,,,,,,,,,,,,YES: SCAN DOCUMENT,,yes,1585,no,no,no,no,no,no,no,no,,,,,,,I WAS EVICTED AND TOLD TO VACATE THE PREMISES BY A CERTAIN D,OTHER (SPECIFY),30,no,BLACK OR AFRICAN AMERICAN,,,don't know,female,1,1,1585,0,0,0,0,0,0
241,1/25/2011,2,ONCE A MONTH,,625,no,no,,,,,,,,,,,,,,,,,,,,,,,,,,,yes,1,10,years,,,,,,,,,,,,,,,,,,,,,no,no,,,,,,,,,,,yes,1075,no,no,no,blank,MY LANDLORD AND I HAVE TO COME BACK AND SEE THE JUDGE ON A L,,28,no,BLACK OR AFRICAN AMERICAN,,,0,female,0,1,1075,0,0,0,0,0,0
242,1/25/2011,2,ONCE A MONTH,,625,no,no,,,,,,,,,,,,,,,,,,,,,,,,,,,yes,3,16,years,11,years,11,years,,,,,,,,,,,,,,,,,no,no,,,,,,,,,,,yes,400,no,no,no,blank,MY LANDLORD AND I WORKED OUT A STIPULATION AGREEMENT THAT AL,,46,no,BLACK OR AFRICAN AMERICAN,,,refused,female,0,1,400,0,0,0,0,0,0
243,1/25/2011,2,ONCE A MONTH,,450,no,yes,1,woman,spouse,hispanic,yes,29,,,,,,,,,,,,,,,,,,,,,yes,5,11,years,10,years,9,years,5,years,8,months,,,,,,,,,,,,,no,no,,,,,,,,,,,yes,375,no,no,no,no,I WAS EVICTED AND TOLD TO VACATE THE PREMISES BY A CERTAIN D,don't know,28,yes,hispanic,,,580,male,0,1,375,0,0,0,0,0,0
244,1/25/2011,2,ONCE A MONTH,,650,no,no,,,,,,,,,,,,,,,,,,,,,,,,,,,yes,1,10,years,,,,,,,,,,,,,,,,,,,,,no,no,,,,,,,,,,,yes,1300,no,no,no,no,MY LANDLORD AND I WORKED OUT A STIPULATION AGREEMENT THAT AL,,29,no,BLACK OR AFRICAN AMERICAN,,,935,female,0,1,1300,0,0,0,0,0,0
245,1/25/2011,2,ONCE A MONTH,,695,no,no,,,,,,,,,,,,,,,,,,,,,,,,,,,yes,2,4,years,5,years,,,,,,,,,,,,,,,,,,,YES: SCAN DOCUMENT,,yes,1030,no,no,no,no,no,no,no,no,,,,,,,MY LANDLORD AND I WORKED OUT A STIPULATION AGREEMENT THAT AL,,24,no,BLACK OR AFRICAN AMERICAN,,,673,female,1,1,1030,0,0,0,0,0,0
246,1/25/2011,2,ONCE A MONTH,,695,no,no,,,,,,,,,,,,,,,,,,,,,,,,,,,yes,3,5,years,3,years,1,years,,,,,,,,,,,,,,,,,YES: SCAN DOCUMENT,,yes,2390,no,no,no,no,no,no,no,no,,,,,,,MY LANDLORD AND I HAVE TO COME BACK AND SEE THE JUDGE ON A L,,25,no,BLACK OR AFRICAN AMERICAN,,,700,female,1,1,2390,0,0,0,0,0,0
247,1/27/2011,2,ONCE A MONTH,,540,no,no,,,,,,,,,,,,,,,,,,,,,,,,,,,yes,1,3,years,,,,,,,,,,,,,,,,,,,,,no,no,,,,,,,,,,,no,,no,no,yes,blank,MY CASE WAS DISMISSED,,22,no,BLACK OR AFRICAN AMERICAN,,,2500,female,0,0,,0,0,1,0,0,0
248,1/27/2011,2,ONCE A MONTH,,540,no,no,,,,,,,,,,,,,,,,,,,,,,,,,,,no,,,,,,,,,,,,,,,,,,,,,,,,no,no,,,,,,,,,,,yes,240,yes,no,Don't Know,blank,MY CASE WAS DISMISSED,,25,no,BLACK OR AFRICAN AMERICAN,,,1600,male,0,1,240,1,0,0,0,0,0
249,1/27/2011,2,ONCE A MONTH,,550,no,yes,1,man,BOYFRIEND OR GIRLFRIEND,BLACK OR AFRICAN AMERICAN,no,32,,,,,,,,,,,,,,,,,,,,,yes,3,4,years,5,years,11,months,,,,,,,,,,,,,,,,,no,no,,,,,,,,,,,yes,400,no,no,no,blank,MY LANDLORD AND I WORKED OUT A STIPULATION AGREEMENT THAT AL,,22,no,BLACK OR AFRICAN AMERICAN,,,900,female,0,1,400,0,0,0,0,0,0
250,1/27/2011,2,ONCE A MONTH,,575,blank,yes,1,man,friend,BLACK OR AFRICAN AMERICAN,no,21,,,,,,,,,,,,,,,,,,,,,no,,,,,,,,,,,,,,,,,,,,,,,,no,no,,,,,,,,,,,no,,yes,no,no,blank,MY LANDLORD AND I WORKED OUT A STIPULATION AGREEMENT THAT AL,,20,no,BLACK OR AFRICAN AMERICAN,,,500,female,0,0,,1,0,0,0,0,0
251,1/27/2011,3,ONCE A MONTH,,975,no,yes,3,woman,"OTHER, SPECIFY",white,yes,30,woman,"OTHER, SPECIFY",white,yes,25,man,sibling,white,yes,35,,,,,,,,,,,yes,2,18,months,4,years,,,,,,,,,,,,,,,,,,,no,no,,,,,,,,,,,yes,5900,no,no,no,blank,MY LANDLORD AND I HAVE TO COME BACK AND SEE THE JUDGE ON A L,,36,no,white,,,2600,male,0,1,5900,0,0,0,0,0,0
252,1/27/2011,1,ONCE A MONTH,,549,no,no,,,,,,,,,,,,,,,,,,,,,,,,,,,no,,,,,,,,,,,,,,,,,,,,,,,,no,no,,,,,,,,,,,yes,400,no,no,no,no,I WAS EVICTED AND TOLD TO VACATE THE PREMISES BY A CERTAIN D,AT A HOMELESS SHELTER,49,no,BLACK OR AFRICAN AMERICAN,,,0,male,0,1,400,0,0,0,0,0,0
253,1/27/2011,2,ONCE A MONTH,,630,no,no,,,,,,,,,,,,,,,,,,,,,,,,,,,yes,2,7,years,6,years,,,,,,,,,,,,,,,,,,,YES: SCAN DOCUMENT,,yes,1190,no,no,no,no,no,no,no,no,,,,,,,MY LANDLORD AND I HAVE TO COME BACK AND SEE THE JUDGE ON A L,,38,no,NATIVE HAWAIIAN OR OTHER PACIFIC ISLANDER,,,2600,female,1,1,1190,0,0,0,0,0,0
254,1/28/2011,1,ONCE A MONTH,,550,no,yes,1,man,spouse,BLACK OR AFRICAN AMERICAN,yes,26,,,,,,,,,,,,,,,,,,,,,yes,2,6,months,21,months,,,,,,,,,,,,,,,,,,,no,no,,,,,,,,,,,yes,485,no,no,no,no,MY LANDLORD AND I HAVE TO COME BACK AND SEE THE JUDGE ON A L,,20,no,BLACK OR AFRICAN AMERICAN,,,673,female,0,1,485,0,0,0,0,0,0
255,1/28/2011,2,ONCE A MONTH,,545,no,no,,,,,,,,,,,,,,,,,,,,,,,,,,,yes,3,8,years,4,years,3,years,,,,,,,,,,,,,,,,,YES: SCAN DOCUMENT,,yes,570,no,no,no,no,no,no,no,no,,,,,,,I WAS EVICTED AND TOLD TO VACATE THE PREMISES BY A CERTAIN D,don't know,29,no,BLACK OR AFRICAN AMERICAN,,,700,female,1,1,570,0,0,0,0,0,0
256,1/28/2011,1,ONCE A MONTH,,625,no,no,,,,,,,,,,,,,,,,,,,,,,,,,,,yes,2,13,years,3,years,,,,,,,,,,,,,,,,,,,YES: SCAN DOCUMENT,,yes,650,no,no,no,no,no,no,no,no,,,,,,,MY LANDLORD AND I WORKED OUT A STIPULATION AGREEMENT THAT AL,,34,no,BLACK OR AFRICAN AMERICAN,,,900,female,1,1,650,0,0,0,0,0,0
257,1/28/2011,1,ONCE A MONTH,,79,no,no,,,,,,,,,,,,,,,,,,,,,,,,,,,yes,1,3,years,,,,,,,,,,,,,,,,,,,,,no,no,,,,,,,,,,,yes,795,no,no,no,no,MY LANDLORD AND I HAVE TO COME BACK AND SEE THE JUDGE ON A L,,20,no,BLACK OR AFRICAN AMERICAN,,,673,female,0,1,795,0,0,0,0,0,0
258,1/28/2011,1,ONCE A MONTH,,475,no,no,,,,,,,,,,,,,,,,,,,,,,,,,,,no,,,,,,,,,,,,,,,,,,,,,,,,no,no,,,,,,,,,,,yes,1400,no,no,no,no,MY LANDLORD AND I WORKED OUT A STIPULATION AGREEMENT THAT AL,,26,no,BLACK OR AFRICAN AMERICAN,,,1200,female,0,1,1400,0,0,0,0,0,0
259,1/28/2011,2,ONCE A MONTH,,575,no,yes,1,man,AUNT OR UNCLE,BLACK OR AFRICAN AMERICAN,yes,47,,,,,,,,,,,,,,,,,,,,,yes,2,2,years,5,months,,,,,,,,,,,,,,,,,,,no,no,,,,,,,,,,,yes,575,no,no,no,no,I WAS EVICTED AND TOLD TO VACATE THE PREMISES BY A CERTAIN D,OTHER (SPECIFY),21,no,BLACK OR AFRICAN AMERICAN,,,don't know,female,0,1,575,0,0,0,0,0,0
260,1/28/2011,1,ONCE A MONTH,,475,no,no,,,,,,,,,,,,,,,,,,,,,,,,,,,no,,,,,,,,,,,,,,,,,,,,,,,,no,no,,,,,,,,,,,yes,950,no,no,no,no,MY LANDLORD AND I HAVE TO COME BACK AND SEE THE JUDGE ON A L,,44,no,BLACK OR AFRICAN AMERICAN,,,1300,female,0,1,950,0,0,0,0,0,0
261,1/28/2011,2,ONCE A MONTH,,485,no,no,,,,,,,,,,,,,,,,,,,,,,,,,,,yes,3,3,years,2,years,1,years,,,,,,,,,,,,,,,,,no,no,,,,,,,,,,,yes,80,no,no,no,no,I WAS EVICTED AND TOLD TO VACATE THE PREMISES BY A CERTAIN D,OTHER (SPECIFY),45,no,BLACK OR AFRICAN AMERICAN,,,1200,male,0,1,80,0,0,0,0,0,0
262,1/28/2011,4,ONCE A MONTH,,600,no,yes,1,woman,child,BLACK OR AFRICAN AMERICAN,no,19,,,,,,,,,,,,,,,,,,,,,yes,3,15,years,14,years,1,years,,,,,,,,,,,,,,,,,no,no,,,,,,,,,,,yes,300,no,no,no,no,I WAS EVICTED AND TOLD TO VACATE THE PREMISES BY A CERTAIN D,don't know,25,no,BLACK OR AFRICAN AMERICAN,,,628,female,0,1,300,0,0,0,0,0,0
263,2/3/2011,2,ONCE A MONTH,,695,no,no,,,,,,,,,,,,,,,,,,,,,,,,,,,no,,,,,,,,,,,,,,,,,,,,,,,,no,no,,,,,,,,,,,yes,552,no,no,no,no,MY CASE WAS DISMISSED,,24,yes,BLACK OR AFRICAN AMERICAN,hispanic,,900,female,0,1,552,0,0,0,0,0,0
264,2/3/2011,1,ONCE A MONTH,,475,no,no,,,,,,,,,,,,,,,,,,,,,,,,,,,no,,,,,,,,,,,,,,,,,,,,,,,,YES: SCAN DOCUMENT,,yes,1575,no,no,no,no,no,no,no,no,,,,,,,MY LANDLORD AND I WORKED OUT A STIPULATION AGREEMENT THAT AL,,51,no,BLACK OR AFRICAN AMERICAN,,,2600,female,1,1,1575,0,0,0,0,0,0
265,2/4/2011,2,ONCE A MONTH,,550,no,no,,,,,,,,,,,,,,,,,,,,,,,,,,,no,,,,,,,,,,,,,,,,,,,,,,,,no,no,,,,,,,,,,,yes,1100,no,no,no,no,MY LANDLORD AND I WORKED OUT A STIPULATION AGREEMENT THAT AL,,28,no,BLACK OR AFRICAN AMERICAN,,,1175,female,0,1,1100,0,0,0,0,0,0
266,2/4/2011,1,ONCE A MONTH,,500,no,no,,,,,,,,,,,,,,,,,,,,,,,,,,,no,,,,,,,,,,,,,,,,,,,,,,,,YES: SCAN DOCUMENT,,yes,1425,no,no,no,no,no,no,no,no,,,,,,,MY LANDLORD AND I WORKED OUT A STIPULATION AGREEMENT THAT AL,,44,no,BLACK OR AFRICAN AMERICAN,,,1100,female,1,1,1425,0,0,0,0,0,0
267,2/4/2011,2,ONCE A MONTH,,520,no,yes,1,man,BOYFRIEND OR GIRLFRIEND,hispanic,no,26,,,,,,,,,,,,,,,,,,,,,yes,1,3,years,,,,,,,,,,,,,,,,,,,,,YES: SCAN DOCUMENT,,yes,2184,no,no,no,no,no,no,no,no,,,,,,,MY LANDLORD AND I HAVE TO COME BACK AND SEE THE JUDGE ON A L,,25,no,white,,,1600,female,1,1,2184,0,0,0,0,0,0
268,2/4/2011,1,ONCE A MONTH,,380,no,no,,,,,,,,,,,,,,,,,,,,,,,,,,,no,,,,,,,,,,,,,,,,,,,,,,,,no,no,,,,,,,,,,,yes,1200,no,no,no,no,MY LANDLORD AND I WORKED OUT A STIPULATION AGREEMENT THAT AL,,50,no,BLACK OR AFRICAN AMERICAN,,,800,male,0,1,1200,0,0,0,0,0,0
269,2/4/2011,3,ONCE A MONTH,,600,no,no,,,,,,,,,,,,,,,,,,,,,,,,,,,yes,3,8,years,3,years,1,years,,,,,,,,,,,,,,,,,no,no,,,,,,,,,,,yes,1250,no,no,no,no,MY LANDLORD AND I WORKED OUT A STIPULATION AGREEMENT THAT AL,,27,no,BLACK OR AFRICAN AMERICAN,,,1400,female,0,1,1250,0,0,0,0,0,0
270,2/16/2011,3,ONCE A MONTH,,650,no,no,,,,,,,,,,,,,,,,,,,,,,,,,,,yes,4,18,months,5,years,15,years,16,years,,,,,,,,,,,,,,,no,yes,yes,1250,no,no,no,no,no,no,no,,,,,,,,MY LANDLORD AND I HAVE TO COME BACK AND SEE THE JUDGE ON A L,,47,no,BLACK OR AFRICAN AMERICAN,,,545,female,1,1,1250,0,0,0,0,0,0
271,2/16/2011,2,ONCE A MONTH,,625,no,yes,2,man,"OTHER, SPECIFY",BLACK OR AFRICAN AMERICAN,no,35,man,child,BLACK OR AFRICAN AMERICAN,no,18,,,,,,,,,,,,,,,,no,,,,,,,,,,,,,,,,,,,,,,,,no,no,,,,,,,,,,,yes,625,no,no,no,no,MY CASE WAS DISMISSED,,38,no,BLACK OR AFRICAN AMERICAN,,,refused,female,0,1,625,0,0,0,0,0,0
272,2/16/2011,2,ONCE A MONTH,,625,no,no,,,,,,,,,,,,,,,,,,,,,,,,,,,yes,1,14,years,,,,,,,,,,,,,,,,,,,,,no,no,,,,,,,,,,,yes,625,no,no,no,no,MY CASE WAS DISMISSED,,35,no,BLACK OR AFRICAN AMERICAN,AMERICAN INDIAN OR ALASKA NATIVE,,2000,male,0,1,625,0,0,0,0,0,0
273,2/16/2011,2,ONCE A MONTH,,600,no,yes,1,woman,BOYFRIEND OR GIRLFRIEND,BLACK OR AFRICAN AMERICAN,no,43,,,,,,,,,,,,,,,,,,,,,no,,,,,,,,,,,,,,,,,,,,,,,,no,no,,,,,,,,,,,yes,1200,no,no,no,no,MY LANDLORD AND I WORKED OUT A STIPULATION AGREEMENT THAT AL,,48,no,BLACK OR AFRICAN AMERICAN,,,1300,male,0,1,1200,0,0,0,0,0,0
274,2/16/2011,3,ONCE A MONTH,,495,no,no,,,,,,,,,,,,,,,,,,,,,,,,,,,no,,,,,,,,,,,,,,,,,,,,,,,,no,yes,yes,990,no,no,no,no,no,no,no,,,,,,,,MY LANDLORD AND I HAVE TO COME BACK AND SEE THE JUDGE ON A L,,37,no,BLACK OR AFRICAN AMERICAN,,,720,female,1,1,990,0,0,0,0,0,0
275,2/22/2011,2,ONCE A MONTH,,500,no,yes,1,woman,child,BLACK OR AFRICAN AMERICAN,yes,19,,,,,,,,,,,,,,,,,,,,,no,,,,,,,,,,,,,,,,,,,,,,,,no,no,,,,,,,,,,,yes,1100,no,no,no,no,MY LANDLORD AND I WORKED OUT A STIPULATION AGREEMENT THAT AL,,40,no,BLACK OR AFRICAN AMERICAN,,,2000,female,0,1,1100,0,0,0,0,0,0
276,2/22/2011,2,ONCE A MONTH,,550,no,no,,,,,,,,,,,,,,,,,,,,,,,,,,,yes,4,12,years,4,years,2,years,9,months,,,,,,,,,,,,,,,no,yes,yes,1550,no,no,no,no,no,no,no,,,,,,,,MY CASE WAS DISMISSED,,31,yes,hispanic,,,1300,female,1,1,1550,0,0,0,0,0,0
277,2/22/2011,4,ONCE A MONTH,,850,no,yes,2,woman,sibling,BLACK OR AFRICAN AMERICAN,yes,29,woman,child,BLACK OR AFRICAN AMERICAN,no,19,,,,,,,,,,,,,,,,yes,3,17,years,13,years,11,years,,,,,,,,,,,,,,,,,no,no,,,,,,,,,,,yes,1400,no,no,no,no,I WAS EVICTED AND TOLD TO VACATE THE PREMISES BY A CERTAIN D,don't know,39,no,BLACK OR AFRICAN AMERICAN,,,1429,female,0,1,1400,0,0,0,0,0,0
278,2/22/2011,2,ONCE A MONTH,,740,no,yes,1,woman,sibling,white,yes,21,,,,,,,,,,,,,,,,,,,,,no,,,,,,,,,,,,,,,,,,,,,,,,no,no,,,,,,,,,,,yes,2000,no,no,no,no,MY LANDLORD AND I HAVE TO COME BACK AND SEE THE JUDGE ON A L,,23,no,white,BLACK OR AFRICAN AMERICAN,NATIVE HAWAIIAN OR OTHER PACIFIC ISLANDER,1600,female,0,1,2000,0,0,0,0,0,0
279,2/22/2011,2,ONCE A MONTH,,625,no,yes,1,woman,BOYFRIEND OR GIRLFRIEND,white,yes,48,,,,,,,,,,,,,,,,,,,,,no,,,,,,,,,,,,,,,,,,,,,,,,YES: SCAN DOCUMENT,,yes,2274.48,no,no,no,no,no,no,no,no,,,,,,,I WAS EVICTED AND TOLD TO VACATE THE PREMISES BY A CERTAIN D,WITH A FAMILY MEMBER,40,no,white,,,0,male,1,1,2274.48,0,0,0,0,0,0
280,2/8/2011,3,ONCE A MONTH,,550,no,no,,,,,,,,,,,,,,,,,,,,,,,,,,,no,,,,,,,,,,,,,,,,,,,,,,,,no,no,,,,,,,,,,,yes,900,no,no,no,no,MY LANDLORD AND I WORKED OUT A STIPULATION AGREEMENT THAT AL,,53,no,BLACK OR AFRICAN AMERICAN,,,600,male,0,1,900,0,0,0,0,0,0
281,2/8/2011,2,ONCE A MONTH,,1060,no,no,,,,,,,,,,,,,,,,,,,,,,,,,,,yes,1,13,years,,,,,,,,,,,,,,,,,,,,,no,no,,,,,,,,,,,yes,1321,yes,no,no,no,MY LANDLORD AND I HAVE TO COME BACK AND SEE THE JUDGE ON A L,,34,no,BLACK OR AFRICAN AMERICAN,,,7000,female,0,1,1321,1,0,0,0,0,0
282,2/8/2011,3,ONCE A MONTH,,415,yes,no,,,,,,,,,,,,,,,,,,,,,,,,,,,yes,2,16,years,8,years,,,,,,,,,,,,,,,,,,,no,no,,,,,,,,,,,yes,400,no,no,no,no,MY LANDLORD AND I WORKED OUT A STIPULATION AGREEMENT THAT AL,,44,no,BLACK OR AFRICAN AMERICAN,,,1200,female,0,1,400,0,0,0,0,0,0
283,2/8/2011,3,ONCE A MONTH,,279,no,no,,,,,,,,,,,,,,,,,,,,,,,,,,,yes,3,1,years,4,years,8,years,,,,,,,,,,,,,,,,,no,no,,,,,,,,,,,yes,1100,no,no,no,no,MY LANDLORD AND I WORKED OUT A STIPULATION AGREEMENT THAT AL,,28,no,BLACK OR AFRICAN AMERICAN,,,600,female,0,1,1100,0,0,0,0,0,0
284,2/8/2011,1,ONCE A MONTH,,525,no,no,,,,,,,,,,,,,,,,,,,,,,,,,,,no,,,,,,,,,,,,,,,,,,,,,,,,YES: SCAN DOCUMENT,,yes,2805,no,no,no,no,no,no,no,no,,,,,,,MY LANDLORD AND I WORKED OUT A STIPULATION AGREEMENT THAT AL,,41,no,BLACK OR AFRICAN AMERICAN,,,1500,female,1,1,2805,0,0,0,0,0,0
285,2/8/2011,3,ONCE A MONTH,,469,yes,no,,,,,,,,,,,,,,,,,,,,,,,,,,,yes,1,17,years,,,,,,,,,,,,,,,,,,,,,no,no,,,,,,,,,,,yes,1000,no,no,no,no,MY LANDLORD AND I WORKED OUT A STIPULATION AGREEMENT THAT AL,,36,no,BLACK OR AFRICAN AMERICAN,,,1800,female,0,1,1000,0,0,0,0,0,0
286,2/8/2011,3,ONCE A MONTH,,424,no,no,,,,,,,,,,,,,,,,,,,,,,,,,,,yes,2,6,years,9,years,,,,,,,,,,,,,,,,,,,no,yes,yes,424,no,no,no,no,no,no,no,yes,,,,,,,MY CASE WAS DISMISSED,,37,no,BLACK OR AFRICAN AMERICAN,,,700,female,1,1,424,0,1,0,0,0,0
287,2/8/2011,2,ONCE A MONTH,,670,yes,no,,,,,,,,,,,,,,,,,,,,,,,,,,,no,,,,,,,,,,,,,,,,,,,,,,,,no,no,,,,,,,,,,,yes,644,no,no,no,no,MY LANDLORD AND I WORKED OUT A STIPULATION AGREEMENT THAT AL,,43,no,BLACK OR AFRICAN AMERICAN,,,1200,female,0,1,644,0,0,0,0,0,0
288,2/8/2011,3,ONCE A MONTH,,600,no,no,,,,,,,,,,,,,,,,,,,,,,,,,,,no,,,,,,,,,,,,,,,,,,,,,,,,YES: SCAN DOCUMENT,,yes,2400,no,no,no,no,no,no,no,no,,,,,,,I WAS EVICTED AND TOLD TO VACATE THE PREMISES BY A CERTAIN D,don't know,26,no,white,,,1200,female,1,1,2400,0,0,0,0,0,0
289,2/8/2011,2,ONCE A MONTH,,695,no,yes,1,man,sibling,BLACK OR AFRICAN AMERICAN,no,30,,,,,,,,,,,,,,,,,,,,,yes,1,1,years,,,,,,,,,,,,,,,,,,,,,YES: SCAN DOCUMENT,,yes,1535,no,no,no,no,no,no,no,no,,,,,,,MY LANDLORD AND I HAVE TO COME BACK AND SEE THE JUDGE ON A L,,21,no,BLACK OR AFRICAN AMERICAN,,,2800,female,1,1,1535,0,0,0,0,0,0
290,2/8/2011,3,ONCE A MONTH,,645,no,yes,1,woman,"OTHER, SPECIFY",BLACK OR AFRICAN AMERICAN,yes,37,,,,,,,,,,,,,,,,,,,,,yes,1,17,years,,,,,,,,,,,,,,,,,,,,,no,no,,,,,,,,,,,no,,no,no,no,yes,OTHER (SPECIFY),,53,no,BLACK OR AFRICAN AMERICAN,AMERICAN INDIAN OR ALASKA NATIVE,,500,male,0,0,,0,0,0,0,1,0
291,2/9/2011,1,ONCE A MONTH,,400,no,yes,1,man,BOYFRIEND OR GIRLFRIEND,BLACK OR AFRICAN AMERICAN,no,20,,,,,,,,,,,,,,,,,,,,,yes,1,1,years,,,,,,,,,,,,,,,,,,,,,no,yes,yes,400,no,no,no,no,no,no,no,,,,,,,,MY LANDLORD AND I HAVE TO COME BACK AND SEE THE JUDGE ON A L,,22,no,BLACK OR AFRICAN AMERICAN,,,673,female,1,1,400,0,0,0,0,0,0
292,2/9/2011,STUDIO APARTMENT,ONCE A MONTH,,450,no,no,,,,,,,,,,,,,,,,,,,,,,,,,,,yes,1,3,months,,,,,,,,,,,,,,,,,,,,,no,no,,,,,,,,,,,yes,1500,no,no,no,no,MY LANDLORD AND I HAVE TO COME BACK AND SEE THE JUDGE ON A L,,20,no,BLACK OR AFRICAN AMERICAN,,,don't know,female,0,1,1500,0,0,0,0,0,0
293,2/9/2011,1,ONCE A MONTH,,445,no,no,,,,,,,,,,,,,,,,,,,,,,,,,,,yes,1,2,years,,,,,,,,,,,,,,,,,,,,,YES: SCAN DOCUMENT,,yes,450,no,no,no,no,no,no,no,no,,,,,,,I WAS EVICTED AND TOLD TO VACATE THE PREMISES BY A CERTAIN D,don't know,29,no,BLACK OR AFRICAN AMERICAN,,,10000,female,1,1,450,0,0,0,0,0,0
294,2/9/2011,1,ONCE A MONTH,,400,no,no,,,,,,,,,,,,,,,,,,,,,,,,,,,no,,,,,,,,,,,,,,,,,,,,,,,,no,yes,yes,620,no,no,no,no,no,no,no,,,,,,,,I WAS EVICTED AND TOLD TO VACATE THE PREMISES BY A CERTAIN D,AT A HOMELESS SHELTER,21,yes,hispanic,,,0,female,1,1,620,0,0,0,0,0,0
295,2/9/2011,1,ONCE A MONTH,,435,no,yes,1,woman,BOYFRIEND OR GIRLFRIEND,BLACK OR AFRICAN AMERICAN,yes,21,,,,,,,,,,,,,,,,,,,,,yes,1,4,years,,,,,,,,,,,,,,,,,,,,,no,yes,yes,435,no,no,no,no,no,no,no,,,,,,,,MY LANDLORD AND I HAVE TO COME BACK AND SEE THE JUDGE ON A L,,21,no,BLACK OR AFRICAN AMERICAN,,,900,male,1,1,435,0,0,0,0,0,0
296,2/9/2011,2,ONCE A MONTH,,800,no,yes,1,man,spouse,white,yes,42,,,,,,,,,,,,,,,,,,,,,no,,,,,,,,,,,,,,,,,,,,,,,,no,no,,,,,,,,,,,yes,1300,no,no,no,no,MY CASE WAS DISMISSED,,37,no,white,,,2100,female,0,1,1300,0,0,0,0,0,0
297,2/9/2011,2,ONCE A MONTH,,450,no,yes,1,man,"OTHER, SPECIFY",hispanic,no,35,,,,,,,,,,,,,,,,,,,,,no,,,,,,,,,,,,,,,,,,,,,,,,YES: SCAN DOCUMENT,,yes,919,no,no,no,no,no,no,no,no,,,,,,,MY LANDLORD AND I WORKED OUT A STIPULATION AGREEMENT THAT AL,,24,yes,hispanic,,,600,female,1,1,919,0,0,0,0,0,0
298,2/9/2011,3,ONCE A MONTH,,750,no,blank,1,man,spouse,BLACK OR AFRICAN AMERICAN,yes,55,,,,,,,,,,,,,,,,,,,,,yes,1,15,years,,,,,,,,,,,,,,,,,,,,,YES: SCAN DOCUMENT,,yes,750,no,no,no,no,no,no,no,no,,,,,,,MY LANDLORD AND I WORKED OUT A STIPULATION AGREEMENT THAT AL,,54,no,BLACK OR AFRICAN AMERICAN,,,2200,female,1,1,750,0,0,0,0,0,0
299,2/9/2011,2,ONCE A MONTH,,500,no,no,,,,,,,,,,,,,,,,,,,,,,,,,,,yes,3,15,years,15,years,6,years,,,,,,,,,,,,,,,,,no,yes,yes,1500,no,no,no,no,no,no,no,,,,,,,,MY LANDLORD AND I WORKED OUT A STIPULATION AGREEMENT THAT AL,,45,no,BLACK OR AFRICAN AMERICAN,,,800,female,1,1,1500,0,0,0,0,0,0
300,2/11/201,3,ONCE A MONTH,,725,no,no,,,,,,,,,,,,,,,,,,,,,,,,,,,yes,2,16,years,17,years,,,,,,,,,,,,,,,,,,,no,no,,,,,,,,,,,yes,725,no,no,no,no,MY CASE WAS DISMISSED,,31,no,BLACK OR AFRICAN AMERICAN,,,1600,female,0,1,725,0,0,0,0,0,0
301,2/11/2011,1,ONCE A MONTH,,675,no,no,,,,,,,,,,,,,,,,,,,,,,,,,,,no,,,,,,,,,,,,,,,,,,,,,,,,no,no,,,,,,,,,,,yes,1000,no,no,no,no,MY LANDLORD AND I HAVE TO COME BACK AND SEE THE JUDGE ON A L,,40,no,refused,,,878,female,0,1,1000,0,0,0,0,0,0
302,2/11/2011,1,ONCE A MONTH,,1400,no,no,,,,,,,,,,,,,,,,,,,,,,,,,,,no,,,,,,,,,,,,,,,,,,,,,,,,no,no,,,,,,,,,,,yes,2800,no,no,no,no,MY LANDLORD AND I HAVE TO COME BACK AND SEE THE JUDGE ON A L,,58,no,white,,,25000,female,0,1,2800,0,0,0,0,0,0
303,2/14/2011,4,ONCE A MONTH,,550,no,no,,,,,,,,,,,,,,,,,,,,,,,,,,,yes,4,5,years,6,years,3,years,9,months,,,,,,,,,,,,,,,no,no,,,,,,,,,,,yes,845,no,no,no,no,MY LANDLORD AND I WORKED OUT A STIPULATION AGREEMENT THAT AL,,36,no,BLACK OR AFRICAN AMERICAN,,,673,female,0,1,845,0,0,0,0,0,0
304,2/14/2011,3,ONCE A MONTH,,795,no,yes,2,woman,parent,BLACK OR AFRICAN AMERICAN,no,74,man,sibling,BLACK OR AFRICAN AMERICAN,no,50,,,,,,,,,,,,,,,,no,,,,,,,,,,,,,,,,,,,,,,,,YES: SCAN DOCUMENT,,yes,1985,no,no,no,no,no,no,no,no,,,,,,,MY LANDLORD AND I HAVE TO COME BACK AND SEE THE JUDGE ON A L,,49,no,BLACK OR AFRICAN AMERICAN,,,1600,female,1,1,1985,0,0,0,0,0,0
305,2/14/2011,2,ONCE A MONTH,,570,no,no,,,,,,,,,,,,,,,,,,,,,,,,,,,no,,,,,,,,,,,,,,,,,,,,,,,,YES: SCAN DOCUMENT,,yes,770,no,no,no,no,no,no,no,no,,,,,,,MY LANDLORD AND I HAVE TO COME BACK AND SEE THE JUDGE ON A L,,47,no,white,,,1300,female,1,1,770,0,0,0,0,0,0
306,2/14/2011,4,ONCE A MONTH,,250,no,no,,,,,,,,,,,,,,,,,,,,,,,,,,,yes,2,16,years,6,years,,,,,,,,,,,,,,,,,,,no,no,,,,,,,,,,,yes,1350,no,no,no,no,I WAS EVICTED AND TOLD TO VACATE THE PREMISES BY A CERTAIN D,WITH A FAMILY MEMBER,39,no,BLACK OR AFRICAN AMERICAN,,,2600,female,0,1,1350,0,0,0,0,0,0
307,2/15/2011,1,ONCE A MONTH,,368,yes,no,,,,,,,,,,,,,,,,,,,,,,,,,,,no,,,,,,,,,,,,,,,,,,,,,,,,no,yes,yes,368,no,no,no,no,no,no,no,,,,,,,,MY LANDLORD AND I WORKED OUT A STIPULATION AGREEMENT THAT AL,,54,no,BLACK OR AFRICAN AMERICAN,,,503,female,1,1,368,0,0,0,0,0,0
308,2/14/2011,2,ONCE A MONTH,,800,no,no,,,,,,,,,,,,,,,,,,,,,,,,,,,yes,2,14,years,7,years,,,,,,,,,,,,,,,,,,,no,no,,,,,,,,,,,no,,yes,no,no,no,I WAS EVICTED AND TOLD TO VACATE THE PREMISES BY A CERTAIN D,OTHER (SPECIFY),29,no,BLACK OR AFRICAN AMERICAN,,,4500,female,0,0,,1,0,0,0,0,0
309,2/15/2011,2,ONCE A MONTH,,625,no,yes,1,man,spouse,BLACK OR AFRICAN AMERICAN,yes,48,,,,,,,,,,,,,,,,,,,,,no,,,,,,,,,,,,,,,,,,,,,,,,no,no,,,,,,,,,,,yes,1900,yes,no,no,no,MY LANDLORD AND I HAVE TO COME BACK AND SEE THE JUDGE ON A L,,51,no,BLACK OR AFRICAN AMERICAN,,,1400,female,0,1,1900,1,0,0,0,0,0
310,2/15/2011,1,ONCE A MONTH,,619,no,no,,,,,,,,,,,,,,,,,,,,,,,,,,,yes,1,4,years,,,,,,,,,,,,,,,,,,,,,no,no,,,,,,,,,,,yes,1500,no,no,no,no,I WAS EVICTED AND TOLD TO VACATE THE PREMISES BY A CERTAIN D,don't know,21,no,BLACK OR AFRICAN AMERICAN,,,890,female,0,1,1500,0,0,0,0,0,0
311,2/15/2011,2,ONCE A MONTH,,304,no,yes,1,man,BOYFRIEND OR GIRLFRIEND,BLACK OR AFRICAN AMERICAN,no,55,,,,,,,,,,,,,,,,,,,,,no,,,,,,,,,,,,,,,,,,,,,,,,no,yes,yes,304,no,no,no,no,no,no,no,,,,,,,,MY LANDLORD AND I WORKED OUT A STIPULATION AGREEMENT THAT AL,,50,no,BLACK OR AFRICAN AMERICAN,,,1046,female,1,1,304,0,0,0,0,0,0
312,2/15/2011,2,ONCE A MONTH,,260,yes,no,,,,,,,,,,,,,,,,,,,,,,,,,,,yes,2,8,years,4,years,,,,,,,,,,,,,,,,,,,no,no,,,,,,,,,,,yes,1500,no,no,no,no,I WAS EVICTED AND TOLD TO VACATE THE PREMISES BY A CERTAIN D,don't know,27,no,BLACK OR AFRICAN AMERICAN,,,1400,female,0,1,1500,0,0,0,0,0,0
313,2/15/2011,2,ONCE A MONTH,,625,no,yes,1,man,BOYFRIEND OR GIRLFRIEND,BLACK OR AFRICAN AMERICAN,no,28,,,,,,,,,,,,,,,,,,,,,yes,2,3,years,4,years,,,,,,,,,,,,,,,,,,,no,no,,,,,,,,,,,yes,625,no,no,no,no,MY LANDLORD AND I HAVE TO COME BACK AND SEE THE JUDGE ON A L,,24,yes,hispanic,,,1600,female,0,1,625,0,0,0,0,0,0
314,2/15/2011,1,ONCE A MONTH,,525,no,no,,,,,,,,,,,,,,,,,,,,,,,,,,,no,,,,,,,,,,,,,,,,,,,,,,,,YES: SCAN DOCUMENT,,yes,1913.8,no,no,no,no,no,no,no,no,,,,,,,I WAS EVICTED AND TOLD TO VACATE THE PREMISES BY A CERTAIN D,don't know,30,no,BLACK OR AFRICAN AMERICAN,,,2100,male,1,1,1913.8,0,0,0,0,0,0
315,2/15/2011,1,ONCE A MONTH,,505,no,no,,,,,,,,,,,,,,,,,,,,,,,,,,,no,,,,,,,,,,,,,,,,,,,,,,,,no,no,,,,,,,,,,,yes,1500,no,no,no,no,I WAS EVICTED AND TOLD TO VACATE THE PREMISES BY A CERTAIN D,don't know,26,yes,white,hispanic,,1000,female,0,1,1500,0,0,0,0,0,0
316,2/15/2011,2,ONCE A MONTH,,450,no,no,,,,,,,,,,,,,,,,,,,,,,,,,,,yes,1,3,years,,,,,,,,,,,,,,,,,,,,,YES: SCAN DOCUMENT,,yes,1713,no,no,no,no,no,no,no,no,,,,,,,I WAS EVICTED AND TOLD TO VACATE THE PREMISES BY A CERTAIN D,OTHER (SPECIFY),28,no,BLACK OR AFRICAN AMERICAN,,,673,female,1,1,1713,0,0,0,0,0,0
317,2/15/2011,3,ONCE A MONTH,,680,no,yes,1,man,child,BLACK OR AFRICAN AMERICAN,no,21,,,,,,,,,,,,,,,,,,,,,no,,,,,,,,,,,,,,,,,,,,,,,,no,no,,,,,,,,,,,yes,1100,no,no,no,no,MY LANDLORD AND I HAVE TO COME BACK AND SEE THE JUDGE ON A L,,49,no,BLACK OR AFRICAN AMERICAN,,,2000,female,0,1,1100,0,0,0,0,0,0
318,2/15/2011,1,ONCE A MONTH,,485,no,yes,1,man,BOYFRIEND OR GIRLFRIEND,BLACK OR AFRICAN AMERICAN,yes,29,,,,,,,,,,,,,,,,,,,,,yes,1,2,years,,,,,,,,,,,,,,,,,,,,,no,no,,,,,,,,,,,yes,1100,no,no,no,no,MY LANDLORD AND I WORKED OUT A STIPULATION AGREEMENT THAT AL,,22,no,BLACK OR AFRICAN AMERICAN,,,673,female,0,1,1100,0,0,0,0,0,0
319,2/15/2011,STUDIO APARTMENT,ONCE A MONTH,,460,no,no,,,,,,,,,,,,,,,,,,,,,,,,,,,no,,,,,,,,,,,,,,,,,,,,,,,,YES: SCAN DOCUMENT,,yes,870,no,no,no,no,no,no,no,no,,,,,,,I WAS EVICTED AND TOLD TO VACATE THE PREMISES BY A CERTAIN D,OTHER (SPECIFY),35,no,BLACK OR AFRICAN AMERICAN,,,800,male,1,1,870,0,0,0,0,0,0
320,2/16/2011,2,ONCE A MONTH,,550,no,no,,,,,,,,,,,,,,,,,,,,,,,,,,,yes,2,5,years,6,years,,,,,,,,,,,,,,,,,,,no,no,,,,,,,,,,,yes,4000,no,no,no,no,I WAS EVICTED AND TOLD TO VACATE THE PREMISES BY A CERTAIN D,don't know,26,no,BLACK OR AFRICAN AMERICAN,,,673,female,0,1,4000,0,0,0,0,0,0
321,2/16/2011,1,ONCE A MONTH,,505,no,no,,,,,,,,,,,,,,,,,,,,,,,,,,,no,,,,,,,,,,,,,,,,,,,,,,,,YES: SCAN DOCUMENT,,yes,1460.5,no,no,no,no,no,no,no,no,,,,,,,MY LANDLORD AND I WORKED OUT A STIPULATION AGREEMENT THAT AL,,50,no,BLACK OR AFRICAN AMERICAN,,,1600,female,1,1,1460.5,0,0,0,0,0,0
322,2/16/2011,2,ONCE A MONTH,,600,no,no,,,,,,,,,,,,,,,,,,,,,,,,,,,yes,6,13,years,11,years,9,years,8,years,5,years,3,years,,,,,,,,,,,no,no,,,,,,,,,,,yes,4800,no,no,no,no,I WAS EVICTED AND TOLD TO VACATE THE PREMISES BY A CERTAIN D,don't know,29,no,BLACK OR AFRICAN AMERICAN,,,0,female,0,1,4800,0,0,0,0,0,0
323,2/16/2011,2,ONCE A MONTH,,600,no,no,,,,,,,,,,,,,,,,,,,,,,,,,,,no,,,,,,,,,,,,,,,,,,,,,,,,YES: SCAN DOCUMENT,,yes,1580,no,no,no,no,no,no,no,no,,,,,,,MY LANDLORD AND I WORKED OUT A STIPULATION AGREEMENT THAT AL,,44,no,BLACK OR AFRICAN AMERICAN,,,1200,female,1,1,1580,0,0,0,0,0,0
324,2/16/2011,2,ONCE A MONTH,,675,no,no,,,,,,,,,,,,,,,,,,,,,,,,,,,yes,2,14,years,11,months,,,,,,,,,,,,,,,,,,,no,yes,yes,2597,no,no,no,no,no,no,no,,,,,,,,I WAS EVICTED AND TOLD TO VACATE THE PREMISES BY A CERTAIN D,don't know,31,no,BLACK OR AFRICAN AMERICAN,,,1500,female,1,1,2597,0,0,0,0,0,0
325,2/16/2011,3,ONCE A MONTH,,795,no,yes,1,woman,"OTHER, SPECIFY",BLACK OR AFRICAN AMERICAN,yes,24,,,,,,,,,,,,,,,,,,,,,yes,4,5,years,4,years,3,years,2,years,,,,,,,,,,,,,,,no,no,,,,,,,,,,,yes,795,no,no,no,no,MY CASE WAS DISMISSED,,35,no,BLACK OR AFRICAN AMERICAN,,,20000,male,0,1,795,0,0,0,0,0,0
326,2/16/2011,2,ONCE A MONTH,,710,no,yes,1,woman,child,BLACK OR AFRICAN AMERICAN,no,18,,,,,,,,,,,,,,,,,,,,,no,,,,,,,,,,,,,,,,,,,,,,,,no,no,,,,,,,,,,,yes,2094,no,no,no,no,MY LANDLORD AND I WORKED OUT A STIPULATION AGREEMENT THAT AL,,40,no,BLACK OR AFRICAN AMERICAN,,,733,female,0,1,2094,0,0,0,0,0,0
327,2/16/2011,1,ONCE A MONTH,,355,no,no,,,,,,,,,,,,,,,,,,,,,,,,,,,no,,,,,,,,,,,,,,,,,,,,,,,,YES: SCAN DOCUMENT,,yes,177.5,no,no,no,no,no,no,no,no,,,,,,,MY LANDLORD AND I WORKED OUT A STIPULATION AGREEMENT THAT AL,,48,no,white,,,400,male,1,1,177.5,0,0,0,0,0,0
328,2/16/2011,STUDIO APARTMENT,ONCE A MONTH,,375,yes,no,,,,,,,,,,,,,,,,,,,,,,,,,,,no,,,,,,,,,,,,,,,,,,,,,,,,YES: SCAN DOCUMENT,,,,,,,,,yes,,no,,,,,,,MY CASE WAS DISMISSED,,43,no,BLACK OR AFRICAN AMERICAN,,,606,female,1,0,,0,0,1,0,0,0
329,2/17/2011,1,ONCE A MONTH,,485,no,no,,,,,,,,,,,,,,,,,,,,,,,,,,,no,,,,,,,,,,,,,,,,,,,,,,,,no,yes,yes,485,no,no,no,no,no,no,no,,,,,,,,MY LANDLORD AND I WORKED OUT A STIPULATION AGREEMENT THAT AL,,27,no,BLACK OR AFRICAN AMERICAN,,,1200,female,1,1,485,0,0,0,0,0,0
330,2/17/2011,1,ONCE A MONTH,,350,no,no,,,,,,,,,,,,,,,,,,,,,,,,,,,no,,,,,,,,,,,,,,,,,,,,,,,,no,yes,yes,350,no,no,no,no,no,no,no,,,,,,,,MY LANDLORD AND I HAVE TO COME BACK AND SEE THE JUDGE ON A L,,46,no,BLACK OR AFRICAN AMERICAN,,,756,male,1,1,350,0,0,0,0,0,0
331,2/17/2011,2,ONCE A MONTH,,475,no,yes,3,woman,spouse,white,yes,38,man,child,white,no,19,woman,child,white,no,18,,,,,,,,,,,yes,1,8,years,,,,,,,,,,,,,,,,,,,,,no,yes,yes,950,no,no,no,no,no,no,no,,,,,,,,MY LANDLORD AND I HAVE TO COME BACK AND SEE THE JUDGE ON A L,,37,no,white,,,629,male,1,1,950,0,0,0,0,0,0
332,2/17/2011,1,ONCE A MONTH,,465,no,no,,,,,,,,,,,,,,,,,,,,,,,,,,,yes,1,14,years,,,,,,,,,,,,,,,,,,,,,no,yes,no,,yes,no,no,no,no,no,yes,,,,,,,,MY CASE WAS DISMISSED,,40,no,AMERICAN INDIAN OR ALASKAN NATIVE,,,1200,male,1,0,,1,0,0,0,1,0
333,2/17/2011,2,ONCE A MONTH,,475,no,no,,,,,,,,,,,,,,,,,,,,,,,,,,,yes,3,3,years,2,years,4,years,,,,,,,,,,,,,,,,,no,no,,,,,,,,,,,yes,550,no,no,no,no,MY LANDLORD AND I HAVE TO COME BACK AND SEE THE JUDGE ON A L,,24,no,white,,,1200,female,0,1,550,0,0,0,0,0,0
334,2/18/2011,2,ONCE A MONTH,,600,no,yes,1,woman,BOYFRIEND OR GIRLFRIEND,white,yes,22,,,,,,,,,,,,,,,,,,,,,yes,1,4,years,,,,,,,,,,,,,,,,,,,,,no,no,,,,,,,,,,,yes,600,no,no,no,no,MY LANDLORD AND I WORKED OUT A STIPULATION AGREEMENT THAT AL,,25,yes,white,hispanic,,2000,male,0,1,600,0,0,0,0,0,0
335,2/18/2011,STUDIO APARTMENT,ONCE A MONTH,,475,no,no,,,,,,,,,,,,,,,,,,,,,,,,,,,no,,,,,,,,,,,,,,,,,,,,,,,,no,no,,,,,,,,,,,no,,yes,no,no,no,I WAS EVICTED AND TOLD TO VACATE THE PREMISES BY A CERTAIN D,WITH A FAMILY MEMBER,41,no,white,,,873,female,0,0,,1,0,0,0,0,0
336,2/18/2011,R IS RENTING A ROOM,ONCE A WEEK,,80,no,no,,,,,,,,,,,,,,,,,,,,,,,,,,,no,,,,,,,,,,,,,,,,,,,,,,,,no,no,,,,,,,,,,,yes,300,no,no,no,no,I WAS EVICTED AND TOLD TO VACATE THE PREMISES BY A CERTAIN D,don't know,19,no,white,BLACK OR AFRICAN AMERICAN,AMERICAN INDIAN OR ALASKA NATIVE,875,male,0,1,300,0,0,0,0,0,0
337,2/17/2011,2,ONCE A MONTH,,600,no,yes,1,man,BOYFRIEND OR GIRLFRIEND,BLACK OR AFRICAN AMERICAN,yes,40,,,,,,,,,,,,,,,,,,,,,yes,3,13,years,10,years,1,years,,,,,,,,,,,,,,,,,no,no,,,,,,,,,,,yes,2950,no,no,no,no,I WAS EVICTED AND TOLD TO VACATE THE PREMISES BY A CERTAIN D,OTHER (SPECIFY),31,no,BLACK OR AFRICAN AMERICAN,,,673,female,0,1,2950,0,0,0,0,0,0
338,2/18/2011,2,ONCE A MONTH,,675,no,yes,1,woman,BOYFRIEND OR GIRLFRIEND,BLACK OR AFRICAN AMERICAN,no,25,,,,,,,,,,,,,,,,,,,,,yes,2,5,years,7,years,,,,,,,,,,,,,,,,,,,no,yes,yes,675,no,no,no,no,no,no,no,,,,,,,,I WAS EVICTED AND TOLD TO VACATE THE PREMISES BY A CERTAIN D,OTHER (SPECIFY),29,no,BLACK OR AFRICAN AMERICAN,,,2100,male,1,1,675,0,0,0,0,0,0
339,2/18/2011,1,ONCE A MONTH,,500,no,no,,,,,,,,,,,,,,,,,,,,,,,,,,,yes,2,13,years,12,years,,,,,,,,,,,,,,,,,,,no,yes,yes,790,no,no,no,no,no,no,no,,,,,,,,MY LANDLORD AND I WORKED OUT A STIPULATION AGREEMENT THAT AL,,36,no,BLACK OR AFRICAN AMERICAN,,,900,female,1,1,790,0,0,0,0,0,0
340,2/18/2011,1,ONCE A MONTH,,550,no,no,,,,,,,,,,,,,,,,,,,,,,,,,,,yes,2,12,years,7,years,,,,,,,,,,,,,,,,,,,no,no,,,,,,,,,,,yes,750,no,no,no,no,MY LANDLORD AND I WORKED OUT A STIPULATION AGREEMENT THAT AL,,29,no,BLACK OR AFRICAN AMERICAN,,,1100,female,0,1,750,0,0,0,0,0,0
341,2/18/2011,3,SOME OTHER WAY,specify,Don't know,no,no,,,,,,,,,,,,,,,,,,,,,,,,,,,yes,1,6,years,,,,,,,,,,,,,,,,,,,,,no,yes,yes,1150,no,no,no,no,no,no,no,,,,,,,,I WAS EVICTED AND TOLD TO VACATE THE PREMISES BY A CERTAIN D,WITH A FAMILY MEMBER,24,no,BLACK OR AFRICAN AMERICAN,,,600,male,1,1,1150,0,0,0,0,0,0
342,2/21/2011,3,ONCE A MONTH,,850,no,yes,1,man,BOYFRIEND OR GIRLFRIEND,white,yes,37,,,,,,,,,,,,,,,,,,,,,yes,3,13,years,10,years,9,years,,,,,,,,,,,,,,,,,no,no,,,,,,,,,,,yes,3200,no,no,no,no,I WAS EVICTED AND TOLD TO VACATE THE PREMISES BY A CERTAIN D,OTHER (SPECIFY),32,no,white,,,2000,female,0,1,3200,0,0,0,0,0,0
343,2/21/2011,2,ONCE A MONTH,,425,no,no,,,,,,,,,,,,,,,,,,,,,,,,,,,no,,,,,,,,,,,,,,,,,,,,,,,,no,no,,,,,,,,,,,yes,1300,no,no,no,no,MY LANDLORD AND I HAVE TO COME BACK AND SEE THE JUDGE ON A L,,19,no,BLACK OR AFRICAN AMERICAN,,,don't know,female,0,1,1300,0,0,0,0,0,0
344,2/22/2011,3,ONCE A MONTH,,575,yes,no,,,,,,,,,,,,,,,,,,,,,,,,,,,yes,4,16,years,13,years,12,years,11,years,,,,,,,,,,,,,,,YES: SCAN DOCUMENT,,yes,1025,no,no,no,no,no,no,no,no,,,,,,,MY CASE WAS DISMISSED,,33,no,white,BLACK OR AFRICAN AMERICAN,,673,female,1,1,1025,0,0,0,0,0,0
345,2/22/2011,3,ONCE A MONTH,,825,no,no,,,,,,,,,,,,,,,,,,,,,,,,,,,yes,1,4,years,,,,,,,,,,,,,,,,,,,,,YES: SCAN DOCUMENT,,yes,2368,no,no,no,no,no,no,no,no,,,,,,,I WAS EVICTED AND TOLD TO VACATE THE PREMISES BY A CERTAIN D,WITH A FAMILY MEMBER,34,no,BLACK OR AFRICAN AMERICAN,,,0,male,1,1,2368,0,0,0,0,0,0
346,2/22/2011,2,ONCE A MONTH,,560,no,yes,1,man,spouse,BLACK OR AFRICAN AMERICAN,yes,28,,,,,,,,,,,,,,,,,,,,,yes,2,2,years,8,years,,,,,,,,,,,,,,,,,,,YES: SCAN DOCUMENT,,yes,1190,no,no,no,no,no,no,no,no,,,,,,,I WAS EVICTED AND TOLD TO VACATE THE PREMISES BY A CERTAIN D,OTHER (SPECIFY),27,no,BLACK OR AFRICAN AMERICAN,,,650,female,1,1,1190,0,0,0,0,0,0
347,2/22/2011,1,ONCE A MONTH,,475,no,yes,1,man,spouse,BLACK OR AFRICAN AMERICAN,yes,50,,,,,,,,,,,,,,,,,,,,,yes,2,9,years,10,years,,,,,,,,,,,,,,,,,,,no,yes,no,,no,no,no,no,no,yes,no,,,,,,,,I WAS EVICTED AND TOLD TO VACATE THE PREMISES BY A CERTAIN D,don't know,50,no,BLACK OR AFRICAN AMERICAN,,,795,female,1,0,,0,0,1,0,0,0
348,2/22/2011,1,ONCE A MONTH,,495,no,yes,1,man,"OTHER, SPECIFY",BLACK OR AFRICAN AMERICAN,no,52,,,,,,,,,,,,,,,,,,,,,yes,1,2,years,,,,,,,,,,,,,,,,,,,,,no,yes,no,,no,no,no,no,no,yes,no,,,,,,,,I WAS EVICTED AND TOLD TO VACATE THE PREMISES BY A CERTAIN D,don't know,43,no,BLACK OR AFRICAN AMERICAN,,,795,female,1,0,,0,0,1,0,0,0
349,2/21/2011,2,ONCE A MONTH,,500,no,yes,2,man,"OTHER, SPECIFY",BLACK OR AFRICAN AMERICAN,yes,42,woman,child,BLACK OR AFRICAN AMERICAN,no,18,,,,,,,,,,,,,,,,no,,,,,,,,,,,,,,,,,,,,,,,,YES: SCAN DOCUMENT,,,,,,,,,yes,,no,,,,,,,I WAS EVICTED AND TOLD TO VACATE THE PREMISES BY A CERTAIN D,WITH A FRIEND,32,no,BLACK OR AFRICAN AMERICAN,,,1000,female,1,0,,0,0,1,0,0,0
350,2/22/2011,2,ONCE A MONTH,,575,no,no,,,,,,,,,,,,,,,,,,,,,,,,,,,yes,2,4,years,3,years,,,,,,,,,,,,,,,,,,,no,no,,,,,,,,,,,yes,1485,no,no,no,no,I WAS EVICTED AND TOLD TO VACATE THE PREMISES BY A CERTAIN D,OTHER (SPECIFY),27,no,white,,,1700,male,0,1,1485,0,0,0,0,0,0
351,2/22/2011,1,ONCE A MONTH,,450,no,no,,,,,,,,,,,,,,,,,,,,,,,,,,,yes,2,4,years,2,years,,,,,,,,,,,,,,,,,,,no,no,,,,,,,,,,,yes,1490,no,no,no,no,MY LANDLORD AND I WORKED OUT A STIPULATION AGREEMENT THAT AL,,22,no,BLACK OR AFRICAN AMERICAN,,,673,female,0,1,1490,0,0,0,0,0,0
352,2/23/2011,1,ONCE A WEEK,,90,no,no,,,,,,,,,,,,,,,,,,,,,,,,,,,no,,,,,,,,,,,,,,,,,,,,,,,,no,no,,,,,,,,,,,yes,900,no,no,no,no,I WAS EVICTED AND TOLD TO VACATE THE PREMISES BY A CERTAIN D,don't know,33,no,white,,,don't know,male,0,1,900,0,0,0,0,0,0
353,2/23/2011,1,ONCE A WEEK,,90,no,no,,,,,,,,,,,,,,,,,,,,,,,,,,,no,,,,,,,,,,,,,,,,,,,,,,,,no,no,,,,,,,,,,,yes,900,no,no,no,no,I WAS EVICTED AND TOLD TO VACATE THE PREMISES BY A CERTAIN D,don't know,44,no,white,,,don't know,male,0,1,900,0,0,0,0,0,0
354,2/23/2011,1,ONCE A WEEK,,93,no,no,,,,,,,,,,,,,,,,,,,,,,,,,,,no,,,,,,,,,,,,,,,,,,,,,,,,no,no,,,,,,,,,,,yes,475,no,no,no,no,I WAS EVICTED AND TOLD TO VACATE THE PREMISES BY A CERTAIN D,WITH A FRIEND,44,no,white,,,200,male,0,1,475,0,0,0,0,0,0
355,2/23/2011,3,ONCE A MONTH,,600,no,no,,,,,,,,,,,,,,,,,,,,,,,,,,,yes,3,7,years,7,years,1,years,,,,,,,,,,,,,,,,,no,yes,yes,2103,no,no,no,no,no,no,no,,,,,,,,MY LANDLORD AND I HAVE TO COME BACK AND SEE THE JUDGE ON A L,,25,no,BLACK OR AFRICAN AMERICAN,,,1200,female,1,1,2103,0,0,0,0,0,0
356,2/24/2011,1,ONCE A MONTH,,500,no,no,,,,,,,,,,,,,,,,,,,,,,,,,,,yes,1,5,years,,,,,,,,,,,,,,,,,,,,,no,yes,yes,250,no,yes,no,no,no,no,no,,,,,,,,MY LANDLORD AND I HAVE TO COME BACK AND SEE THE JUDGE ON A L,,20,no,BLACK OR AFRICAN AMERICAN,,,973,female,1,1,250,1,0,0,0,0,0
357,2/24/2011,2,ONCE A MONTH,,545,no,no,,,,,,,,,,,,,,,,,,,,,,,,,,,yes,3,10,years,4,years,2,months,,,,,,,,,,,,,,,,,no,no,,,,,,,,,,,yes,545,no,no,no,no,MY LANDLORD AND I WORKED OUT A STIPULATION AGREEMENT THAT AL,,29,no,BLACK OR AFRICAN AMERICAN,,,1900,female,0,1,545,0,0,0,0,0,0
358,2/24/2011,3,ONCE A MONTH,,595,no,yes,1,man,"OTHER, SPECIFY",BLACK OR AFRICAN AMERICAN,no,20,,,,,,,,,,,,,,,,,,,,,yes,3,8,years,5,years,18,months,,,,,,,,,,,,,,,,,no,no,,,,,,,,,,,yes,595,no,no,no,no,MY CASE WAS DISMISSED,,24,no,white,,,1300,female,0,1,595,0,0,0,0,0,0
359,2/24/2011,2,ONCE A MONTH,,585,no,no,,,,,,,,,,,,,,,,,,,,,,,,,,,yes,2,2,years,7,years,,,,,,,,,,,,,,,,,,,no,no,,,,,,,,,,,yes,blank,no,no,no,no,I WAS EVICTED AND TOLD TO VACATE THE PREMISES BY A CERTAIN D,don't know,26,no,BLACK OR AFRICAN AMERICAN,,,600,female,0,1,,0,0,0,0,0,0
360,2/24/2011,2,ONCE A MONTH,,550,no,yes,1,man,friend,BLACK OR AFRICAN AMERICAN,no,50,,,,,,,,,,,,,,,,,,,,,no,,,,,,,,,,,,,,,,,,,,,,,,no,no,,,,,,,,,,,yes,1500,no,no,no,no,I WAS EVICTED AND TOLD TO VACATE THE PREMISES BY A CERTAIN D,don't know,35,no,BLACK OR AFRICAN AMERICAN,,,1000,male,0,1,1500,0,0,0,0,0,0
361,2/24/2011,2,ONCE A MONTH,,350,no,no,,,,,,,,,,,,,,,,,,,,,,,,,,,no,,,,,,,,,,,,,,,,,,,,,,,,no,yes,yes,700,no,no,no,no,no,no,no,,,,,,,,I WAS EVICTED AND TOLD TO VACATE THE PREMISES BY A CERTAIN D,don't know,28,no,white,,,1400,male,1,1,700,0,0,0,0,0,0
362,2/25/2011,2,ONCE A MONTH,,450,no,no,,,,,,,,,,,,,,,,,,,,,,,,,,,no,,,,,,,,,,,,,,,,,,,,,,,,no,yes,yes,4400,no,no,no,no,no,no,no,,,,,,,,MY LANDLORD AND I HAVE TO COME BACK AND SEE THE JUDGE ON A L,,36,no,BLACK OR AFRICAN AMERICAN,,,600,male,1,1,4400,0,0,0,0,0,0
363,2/25/2011,2,ONCE A MONTH,,550,no,no,,,,,,,,,,,,,,,,,,,,,,,,,,,no,,,,,,,,,,,,,,,,,,,,,,,,no,yes,yes,700,no,no,no,no,no,no,no,,,,,,,,MY LANDLORD AND I WORKED OUT A STIPULATION AGREEMENT THAT AL,,32,no,BLACK OR AFRICAN AMERICAN,,,1300,male,1,1,700,0,0,0,0,0,0
364,2/26/2011,2,ONCE A MONTH,,600,no,yes,1,woman,child,BLACK OR AFRICAN AMERICAN,no,27,,,,,,,,,,,,,,,,,,,,,yes,3,9,years,7,years,5,years,,,,,,,,,,,,,,,,,no,no,,,,,,,,,,,yes,2020,no,no,no,no,MY LANDLORD AND I WORKED OUT A STIPULATION AGREEMENT THAT AL,,51,no,BLACK OR AFRICAN AMERICAN,,,800,female,0,1,2020,0,0,0,0,0,0
365,2/25/2011,2,ONCE A MONTH,,625,no,no,,,,,,,,,,,,,,,,,,,,,,,,,,,yes,3,5,years,3,years,10,months,,,,,,,,,,,,,,,,,no,no,,,,,,,,,,,yes,700,no,no,no,no,MY LANDLORD AND I HAVE TO COME BACK AND SEE THE JUDGE ON A L,,31,no,BLACK OR AFRICAN AMERICAN,,,1938,female,0,1,700,0,0,0,0,0,0
366,2/25/2011,4,ONCE A MONTH,,895,no,no,,,,,,,,,,,,,,,,,,,,,,,,,,,yes,7,15,years,11,years,9,years,8,years,6,years,3,years,4,months,,,,,,,,,YES: SCAN DOCUMENT,,yes,900,no,no,no,no,no,no,no,no,,,,,,,I WAS EVICTED AND TOLD TO VACATE THE PREMISES BY A CERTAIN D,don't know,45,no,BLACK OR AFRICAN AMERICAN,,,2500,female,1,1,900,0,0,0,0,0,0
367,2/25/2011,3,ONCE A MONTH,,650,no,no,,,,,,,,,,,,,,,,,,,,,,,,,,,yes,5,17,years,15,years,14,years,7,years,6,years,,,,,,,,,,,,,YES: SCAN DOCUMENT,,yes,1880,no,no,no,no,no,no,no,no,,,,,,,MY LANDLORD AND I WORKED OUT A STIPULATION AGREEMENT THAT AL,,34,no,BLACK OR AFRICAN AMERICAN,,,0,female,1,1,1880,0,0,0,0,0,0
368,2/25/2011,5,ONCE A MONTH,,875,yes,yes,3,woman,AUNT OR UNCLE,BLACK OR AFRICAN AMERICAN,no,40,man,cousin,BLACK OR AFRICAN AMERICAN,no,20,woman,cousin,BLACK OR AFRICAN AMERICAN,yes,18,,,,,,,,,,,yes,11,1,years,2,years,4,years,8,years,9,years,11,years,13,years,14,years,16,years,12,years,1,years,no,no,,,,,,,,,,,yes,970,no,no,no,no,I WAS EVICTED AND TOLD TO VACATE THE PREMISES BY A CERTAIN D,OTHER (SPECIFY),24,no,BLACK OR AFRICAN AMERICAN,,,2500,male,0,1,970,0,0,0,0,0,0
